split,person_id,label,source_file,recording_name,chunk_index,true_label,probability,prediction
test,Aileen Hernandez,dementia,dementia/Aileen Hernandez/aileenhernandez_0.wav,aileenhernandez_0,1,1,0.5311359167098999,1
test,Aileen Hernandez,dementia,dementia/Aileen Hernandez/aileenhernandez_0.wav,aileenhernandez_0,2,1,0.4974476993083954,0
test,Aileen Hernandez,dementia,dementia/Aileen Hernandez/aileenhernandez_0.wav,aileenhernandez_0,3,1,0.4855029881000519,0
test,Aileen Hernandez,dementia,dementia/Aileen Hernandez/aileenhernandez_0.wav,aileenhernandez_0,4,1,0.4692050814628601,0
test,Aileen Hernandez,dementia,dementia/Aileen Hernandez/aileenhernandez_0.wav,aileenhernandez_0,5,1,0.5056285858154297,1
test,Aileen Hernandez,dementia,dementia/Aileen Hernandez/aileenhernandez_0.wav,aileenhernandez_0,6,1,0.5378450751304626,1
test,Aileen Hernandez,dementia,dementia/Aileen Hernandez/aileenhernandez_0.wav,aileenhernandez_0,7,1,0.4978272318840027,0
test,Aileen Hernandez,dementia,dementia/Aileen Hernandez/aileenhernandez_0.wav,aileenhernandez_0,8,1,0.50018709897995,1
test,Aileen Hernandez,dementia,dementia/Aileen Hernandez/aileenhernandez_0.wav,aileenhernandez_0,9,1,0.48461678624153137,0
test,Aileen Hernandez,dementia,dementia/Aileen Hernandez/aileenhernandez_0.wav,aileenhernandez_0,10,1,0.46928709745407104,0
test,Aileen Hernandez,dementia,dementia/Aileen Hernandez/aileenhernandez_5_1.wav,aileenhernandez_5_1,1,1,0.39789414405822754,0
test,Aileen Hernandez,dementia,dementia/Aileen Hernandez/aileenhernandez_5_1.wav,aileenhernandez_5_1,2,1,0.38700753450393677,0
test,Aileen Hernandez,dementia,dementia/Aileen Hernandez/aileenhernandez_5_1.wav,aileenhernandez_5_1,3,1,0.37778931856155396,0
test,Aileen Hernandez,dementia,dementia/Aileen Hernandez/aileenhernandez_5_1.wav,aileenhernandez_5_1,4,1,0.4071471095085144,0
test,Aileen Hernandez,dementia,dementia/Aileen Hernandez/aileenhernandez_5_1.wav,aileenhernandez_5_1,5,1,0.4388144910335541,0
test,Aileen Hernandez,dementia,dementia/Aileen Hernandez/aileenhernandez_5_1.wav,aileenhernandez_5_1,6,1,0.4358726441860199,0
test,Aileen Hernandez,dementia,dementia/Aileen Hernandez/aileenhernandez_5_1.wav,aileenhernandez_5_1,7,1,0.4360092282295227,0
test,Aileen Hernandez,dementia,dementia/Aileen Hernandez/aileenhernandez_5_1.wav,aileenhernandez_5_1,8,1,0.4558010399341583,0
test,Aileen Hernandez,dementia,dementia/Aileen Hernandez/aileenhernandez_5_2.wav,aileenhernandez_5_2,1,1,0.4297361671924591,0
test,Aileen Hernandez,dementia,dementia/Aileen Hernandez/aileenhernandez_5_2.wav,aileenhernandez_5_2,2,1,0.43206876516342163,0
test,Aileen Hernandez,dementia,dementia/Aileen Hernandez/aileenhernandez_5_2.wav,aileenhernandez_5_2,3,1,0.4505336284637451,0
test,Aileen Hernandez,dementia,dementia/Aileen Hernandez/aileenhernandez_5_2.wav,aileenhernandez_5_2,4,1,0.4499945640563965,0
test,Aileen Hernandez,dementia,dementia/Aileen Hernandez/aileenhernandez_5_2.wav,aileenhernandez_5_2,5,1,0.44846272468566895,0
test,Aileen Hernandez,dementia,dementia/Aileen Hernandez/aileenhernandez_5_2.wav,aileenhernandez_5_2,6,1,0.456738144159317,0
test,Aileen Hernandez,dementia,dementia/Aileen Hernandez/aileenhernandez_5_2.wav,aileenhernandez_5_2,7,1,0.463714063167572,0
test,Aileen Hernandez,dementia,dementia/Aileen Hernandez/aileenhernandez_5_2.wav,aileenhernandez_5_2,8,1,0.4686848819255829,0
test,Aileen Hernandez,dementia,dementia/Aileen Hernandez/aileenhernandez_5_2.wav,aileenhernandez_5_2,9,1,0.46196994185447693,0
test,Aileen Hernandez,dementia,dementia/Aileen Hernandez/aileenhernandez_5_2.wav,aileenhernandez_5_2,10,1,0.45905622839927673,0
test,Aileen Hernandez,dementia,dementia/Aileen Hernandez/aileenhernandez_5_2.wav,aileenhernandez_5_2,11,1,0.45730799436569214,0
test,Aileen Hernandez,dementia,dementia/Aileen Hernandez/aileenhernandez_5_2.wav,aileenhernandez_5_2,12,1,0.44788795709609985,0
test,Aileen Hernandez,dementia,dementia/Aileen Hernandez/aileenhernandez_5_2.wav,aileenhernandez_5_2,13,1,0.43244731426239014,0
test,Aileen Hernandez,dementia,dementia/Aileen Hernandez/aileenhernandez_5_2.wav,aileenhernandez_5_2,14,1,0.45228540897369385,0
test,Aileen Hernandez,dementia,dementia/Aileen Hernandez/aileenhernandez_5_2.wav,aileenhernandez_5_2,15,1,0.46040457487106323,0
test,Aileen Hernandez,dementia,dementia/Aileen Hernandez/aileenhernandez_5_2.wav,aileenhernandez_5_2,16,1,0.4396340847015381,0
test,Aileen Hernandez,dementia,dementia/Aileen Hernandez/aileenhernandez_5_2.wav,aileenhernandez_5_2,17,1,0.4407326877117157,0
test,Aileen Hernandez,dementia,dementia/Aileen Hernandez/aileenhernandez_5_2.wav,aileenhernandez_5_2,18,1,0.4545857012271881,0
test,Antony Flew,dementia,dementia/Antony Flew/antonyflew_10.wav,antonyflew_10,1,1,0.48775672912597656,0
test,Antony Flew,dementia,dementia/Antony Flew/antonyflew_10.wav,antonyflew_10,2,1,0.5091488361358643,1
test,Antony Flew,dementia,dementia/Antony Flew/antonyflew_10.wav,antonyflew_10,3,1,0.47949138283729553,0
test,Antony Flew,dementia,dementia/Antony Flew/antonyflew_10.wav,antonyflew_10,4,1,0.4651578366756439,0
test,Antony Flew,dementia,dementia/Antony Flew/antonyflew_10.wav,antonyflew_10,5,1,0.45053860545158386,0
test,Antony Flew,dementia,dementia/Antony Flew/antonyflew_10.wav,antonyflew_10,6,1,0.4356495440006256,0
test,Antony Flew,dementia,dementia/Antony Flew/antonyflew_10.wav,antonyflew_10,7,1,0.4588288366794586,0
test,Antony Flew,dementia,dementia/Antony Flew/antonyflew_10.wav,antonyflew_10,8,1,0.44904154539108276,0
test,Antony Flew,dementia,dementia/Antony Flew/antonyflew_10.wav,antonyflew_10,9,1,0.426826149225235,0
test,Antony Flew,dementia,dementia/Antony Flew/antonyflew_10.wav,antonyflew_10,10,1,0.4244503676891327,0
test,Antony Flew,dementia,dementia/Antony Flew/antonyflew_10.wav,antonyflew_10,11,1,0.43524691462516785,0
test,Antony Flew,dementia,dementia/Antony Flew/antonyflew_10.wav,antonyflew_10,12,1,0.44070324301719666,0
test,Antony Flew,dementia,dementia/Antony Flew/antonyflew_10.wav,antonyflew_10,13,1,0.4237698018550873,0
test,Antony Flew,dementia,dementia/Antony Flew/antonyflew_10.wav,antonyflew_10,14,1,0.43371152877807617,0
test,Antony Flew,dementia,dementia/Antony Flew/antonyflew_10.wav,antonyflew_10,15,1,0.4507104158401489,0
test,Antony Flew,dementia,dementia/Antony Flew/antonyflew_10.wav,antonyflew_10,16,1,0.44240349531173706,0
test,Antony Flew,dementia,dementia/Antony Flew/antonyflew_10.wav,antonyflew_10,17,1,0.44390714168548584,0
test,Antony Flew,dementia,dementia/Antony Flew/antonyflew_10.wav,antonyflew_10,18,1,0.46064767241477966,0
test,Antony Flew,dementia,dementia/Antony Flew/antonyflew_5_1.wav,antonyflew_5_1,1,1,0.3919215798377991,0
test,Antony Flew,dementia,dementia/Antony Flew/antonyflew_5_1.wav,antonyflew_5_1,2,1,0.3840661942958832,0
test,Antony Flew,dementia,dementia/Antony Flew/antonyflew_5_1.wav,antonyflew_5_1,3,1,0.421954482793808,0
test,Antony Flew,dementia,dementia/Antony Flew/antonyflew_5_1.wav,antonyflew_5_1,4,1,0.46182581782341003,0
test,Antony Flew,dementia,dementia/Antony Flew/antonyflew_5_1.wav,antonyflew_5_1,5,1,0.49805620312690735,0
test,Antony Flew,dementia,dementia/Antony Flew/antonyflew_5_1.wav,antonyflew_5_1,6,1,0.45989248156547546,0
test,Antony Flew,dementia,dementia/Antony Flew/antonyflew_5_1.wav,antonyflew_5_1,7,1,0.41154149174690247,0
test,Antony Flew,dementia,dementia/Antony Flew/antonyflew_5_1.wav,antonyflew_5_1,8,1,0.4133896231651306,0
test,Antony Flew,dementia,dementia/Antony Flew/antonyflew_5_1.wav,antonyflew_5_1,9,1,0.3823311924934387,0
test,Antony Flew,dementia,dementia/Antony Flew/antonyflew_5_1.wav,antonyflew_5_1,10,1,0.369742214679718,0
test,Antony Flew,dementia,dementia/Antony Flew/antonyflew_5_1.wav,antonyflew_5_1,11,1,0.377407431602478,0
test,Antony Flew,dementia,dementia/Antony Flew/antonyflew_5_1.wav,antonyflew_5_1,12,1,0.3902404308319092,0
test,Antony Flew,dementia,dementia/Antony Flew/antonyflew_5_1.wav,antonyflew_5_1,13,1,0.3966531455516815,0
test,Antony Flew,dementia,dementia/Antony Flew/antonyflew_5_1.wav,antonyflew_5_1,14,1,0.3996627628803253,0
test,Antony Flew,dementia,dementia/Antony Flew/antonyflew_5_1.wav,antonyflew_5_1,15,1,0.4435306191444397,0
test,Antony Flew,dementia,dementia/Antony Flew/antonyflew_5_2.wav,antonyflew_5_2,1,1,0.43713465332984924,0
test,Antony Flew,dementia,dementia/Antony Flew/antonyflew_5_2.wav,antonyflew_5_2,2,1,0.41741037368774414,0
test,Antony Flew,dementia,dementia/Antony Flew/antonyflew_5_2.wav,antonyflew_5_2,3,1,0.38698095083236694,0
test,Antony Flew,dementia,dementia/Antony Flew/antonyflew_5_2.wav,antonyflew_5_2,4,1,0.4029569625854492,0
test,Antony Flew,dementia,dementia/Antony Flew/antonyflew_5_2.wav,antonyflew_5_2,5,1,0.4381614625453949,0
test,Antony Flew,dementia,dementia/Antony Flew/antonyflew_5_2.wav,antonyflew_5_2,6,1,0.4759142994880676,0
test,B B King,dementia,dementia/B B King/bbking_0.wav,bbking_0,1,1,0.4278333783149719,0
test,B B King,dementia,dementia/B B King/bbking_10.wav,bbking_10,1,1,0.37038347125053406,0
test,B B King,dementia,dementia/B B King/bbking_10.wav,bbking_10,2,1,0.3731842041015625,0
test,B B King,dementia,dementia/B B King/bbking_10.wav,bbking_10,3,1,0.39578938484191895,0
test,B B King,dementia,dementia/B B King/bbking_10.wav,bbking_10,4,1,0.4155172109603882,0
test,B B King,dementia,dementia/B B King/bbking_10.wav,bbking_10,5,1,0.43092939257621765,0
test,B B King,dementia,dementia/B B King/bbking_10.wav,bbking_10,6,1,0.4255438446998596,0
test,B B King,dementia,dementia/B B King/bbking_10.wav,bbking_10,7,1,0.40897586941719055,0
test,B B King,dementia,dementia/B B King/bbking_10.wav,bbking_10,8,1,0.39673861861228943,0
test,B B King,dementia,dementia/B B King/bbking_10.wav,bbking_10,9,1,0.3969080448150635,0
test,B B King,dementia,dementia/B B King/bbking_10.wav,bbking_10,10,1,0.3961293697357178,0
test,B B King,dementia,dementia/B B King/bbking_10.wav,bbking_10,11,1,0.3865157961845398,0
test,B B King,dementia,dementia/B B King/bbking_10.wav,bbking_10,12,1,0.391604483127594,0
test,B B King,dementia,dementia/B B King/bbking_10.wav,bbking_10,13,1,0.4038337469100952,0
test,B B King,dementia,dementia/B B King/bbking_10.wav,bbking_10,14,1,0.38668549060821533,0
test,B B King,dementia,dementia/B B King/bbking_10.wav,bbking_10,15,1,0.3688952326774597,0
test,B B King,dementia,dementia/B B King/bbking_10.wav,bbking_10,16,1,0.3804086446762085,0
test,B B King,dementia,dementia/B B King/bbking_10.wav,bbking_10,17,1,0.3776041269302368,0
test,B B King,dementia,dementia/B B King/bbking_10.wav,bbking_10,18,1,0.4146745800971985,0
test,B B King,dementia,dementia/B B King/bbking_15.wav,bbking_15,1,1,0.4127653241157532,0
test,B B King,dementia,dementia/B B King/bbking_15.wav,bbking_15,2,1,0.4096391201019287,0
test,B B King,dementia,dementia/B B King/bbking_15.wav,bbking_15,3,1,0.4049668610095978,0
test,B B King,dementia,dementia/B B King/bbking_15.wav,bbking_15,4,1,0.3872271180152893,0
test,B B King,dementia,dementia/B B King/bbking_15.wav,bbking_15,5,1,0.37729108333587646,0
test,B B King,dementia,dementia/B B King/bbking_15.wav,bbking_15,6,1,0.38366031646728516,0
test,B B King,dementia,dementia/B B King/bbking_15.wav,bbking_15,7,1,0.4123578369617462,0
test,B B King,dementia,dementia/B B King/bbking_15.wav,bbking_15,8,1,0.41625916957855225,0
test,B B King,dementia,dementia/B B King/bbking_15.wav,bbking_15,9,1,0.3881572186946869,0
test,B B King,dementia,dementia/B B King/bbking_15.wav,bbking_15,10,1,0.388947069644928,0
test,B B King,dementia,dementia/B B King/bbking_15.wav,bbking_15,11,1,0.3875657021999359,0
test,B B King,dementia,dementia/B B King/bbking_15.wav,bbking_15,12,1,0.3723592460155487,0
test,B B King,dementia,dementia/B B King/bbking_15.wav,bbking_15,13,1,0.369960218667984,0
test,B B King,dementia,dementia/B B King/bbking_15.wav,bbking_15,14,1,0.39066219329833984,0
test,B B King,dementia,dementia/B B King/bbking_15.wav,bbking_15,15,1,0.4164313077926636,0
test,B B King,dementia,dementia/B B King/bbking_15.wav,bbking_15,16,1,0.45489072799682617,0
test,Bill Buckner,dementia,dementia/Bill Buckner/BillBuckner_10.wav,BillBuckner_10,1,1,0.4516299366950989,0
test,Bill Buckner,dementia,dementia/Bill Buckner/BillBuckner_10.wav,BillBuckner_10,2,1,0.44769996404647827,0
test,Bill Buckner,dementia,dementia/Bill Buckner/BillBuckner_10.wav,BillBuckner_10,3,1,0.45288535952568054,0
test,Bill Buckner,dementia,dementia/Bill Buckner/BillBuckner_10.wav,BillBuckner_10,4,1,0.4416921138763428,0
test,Bill Buckner,dementia,dementia/Bill Buckner/BillBuckner_10.wav,BillBuckner_10,5,1,0.43279242515563965,0
test,Bill Buckner,dementia,dementia/Bill Buckner/BillBuckner_10.wav,BillBuckner_10,6,1,0.44776296615600586,0
test,Bill Buckner,dementia,dementia/Bill Buckner/BillBuckner_10.wav,BillBuckner_10,7,1,0.45827487111091614,0
test,Bill Buckner,dementia,dementia/Bill Buckner/BillBuckner_10.wav,BillBuckner_10,8,1,0.45852142572402954,0
test,Bill Buckner,dementia,dementia/Bill Buckner/BillBuckner_15.wav,BillBuckner_15,1,1,0.4921071529388428,0
test,Bill Buckner,dementia,dementia/Bill Buckner/BillBuckner_15.wav,BillBuckner_15,2,1,0.5132244229316711,1
test,Bill Buckner,dementia,dementia/Bill Buckner/BillBuckner_15.wav,BillBuckner_15,3,1,0.577526330947876,1
test,Bill Buckner,dementia,dementia/Bill Buckner/BillBuckner_15.wav,BillBuckner_15,4,1,0.6113243699073792,1
test,Bill Buckner,dementia,dementia/Bill Buckner/BillBuckner_15.wav,BillBuckner_15,5,1,0.619429349899292,1
test,Bill Buckner,dementia,dementia/Bill Buckner/BillBuckner_15.wav,BillBuckner_15,6,1,0.6282743811607361,1
test,Bill Buckner,dementia,dementia/Bill Buckner/BillBuckner_15.wav,BillBuckner_15,7,1,0.6103233695030212,1
test,Bill Buckner,dementia,dementia/Bill Buckner/BillBuckner_15.wav,BillBuckner_15,8,1,0.5407533049583435,1
test,Bill Buckner,dementia,dementia/Bill Buckner/BillBuckner_15.wav,BillBuckner_15,9,1,0.47063422203063965,0
test,Bill Buckner,dementia,dementia/Bill Buckner/BillBuckner_5.wav,BillBuckner_5,1,1,0.42378026247024536,0
test,Bill Buckner,dementia,dementia/Bill Buckner/BillBuckner_5.wav,BillBuckner_5,2,1,0.41653117537498474,0
test,Bill Buckner,dementia,dementia/Bill Buckner/BillBuckner_5.wav,BillBuckner_5,3,1,0.4139401316642761,0
test,Bill Buckner,dementia,dementia/Bill Buckner/BillBuckner_5.wav,BillBuckner_5,4,1,0.41322508454322815,0
test,Bill Buckner,dementia,dementia/Bill Buckner/BillBuckner_5.wav,BillBuckner_5,5,1,0.4254957437515259,0
test,Bill Buckner,dementia,dementia/Bill Buckner/BillBuckner_5.wav,BillBuckner_5,6,1,0.4504707157611847,0
test,David Prowse,dementia,dementia/David Prowse/DavidProwse_0.wav,DavidProwse_0,1,1,0.3632737696170807,0
test,David Prowse,dementia,dementia/David Prowse/DavidProwse_0.wav,DavidProwse_0,2,1,0.3193182647228241,0
test,David Prowse,dementia,dementia/David Prowse/DavidProwse_0.wav,DavidProwse_0,3,1,0.2960279583930969,0
test,David Prowse,dementia,dementia/David Prowse/DavidProwse_0.wav,DavidProwse_0,4,1,0.2974805533885956,0
test,David Prowse,dementia,dementia/David Prowse/DavidProwse_0.wav,DavidProwse_0,5,1,0.3105103671550751,0
test,David Prowse,dementia,dementia/David Prowse/DavidProwse_0.wav,DavidProwse_0,6,1,0.316415935754776,0
test,David Prowse,dementia,dementia/David Prowse/DavidProwse_0.wav,DavidProwse_0,7,1,0.33806493878364563,0
test,David Prowse,dementia,dementia/David Prowse/DavidProwse_0.wav,DavidProwse_0,8,1,0.3357383906841278,0
test,David Prowse,dementia,dementia/David Prowse/DavidProwse_0.wav,DavidProwse_0,9,1,0.3944637179374695,0
test,David Prowse,dementia,dementia/David Prowse/DavidProwse_0.wav,DavidProwse_0,10,1,0.45142847299575806,0
test,David Prowse,dementia,dementia/David Prowse/DavidProwse_10.wav,DavidProwse_10,1,1,0.4388345181941986,0
test,David Prowse,dementia,dementia/David Prowse/DavidProwse_10.wav,DavidProwse_10,2,1,0.4517011046409607,0
test,David Prowse,dementia,dementia/David Prowse/DavidProwse_10.wav,DavidProwse_10,3,1,0.45395514369010925,0
test,David Prowse,dementia,dementia/David Prowse/DavidProwse_10.wav,DavidProwse_10,4,1,0.4633096158504486,0
test,David Prowse,dementia,dementia/David Prowse/DavidProwse_10.wav,DavidProwse_10,5,1,0.4505631923675537,0
test,David Prowse,dementia,dementia/David Prowse/DavidProwse_10.wav,DavidProwse_10,6,1,0.44172781705856323,0
test,David Prowse,dementia,dementia/David Prowse/DavidProwse_10.wav,DavidProwse_10,7,1,0.42769408226013184,0
test,David Prowse,dementia,dementia/David Prowse/DavidProwse_10.wav,DavidProwse_10,8,1,0.43170392513275146,0
test,David Prowse,dementia,dementia/David Prowse/DavidProwse_10.wav,DavidProwse_10,9,1,0.44413426518440247,0
test,David Prowse,dementia,dementia/David Prowse/DavidProwse_10.wav,DavidProwse_10,10,1,0.4577649235725403,0
test,David Prowse,dementia,dementia/David Prowse/DavidProwse_10.wav,DavidProwse_10,11,1,0.452016144990921,0
test,David Prowse,dementia,dementia/David Prowse/DavidProwse_10.wav,DavidProwse_10,12,1,0.4442836344242096,0
test,David Prowse,dementia,dementia/David Prowse/DavidProwse_10.wav,DavidProwse_10,13,1,0.47541752457618713,0
test,David Prowse,dementia,dementia/David Prowse/DavidProwse_10.wav,DavidProwse_10,14,1,0.47879815101623535,0
test,David Prowse,dementia,dementia/David Prowse/DavidProwse_10.wav,DavidProwse_10,15,1,0.4435380697250366,0
test,David Prowse,dementia,dementia/David Prowse/DavidProwse_10.wav,DavidProwse_10,16,1,0.41395190358161926,0
test,David Prowse,dementia,dementia/David Prowse/DavidProwse_10.wav,DavidProwse_10,17,1,0.4313594698905945,0
test,David Prowse,dementia,dementia/David Prowse/DavidProwse_10.wav,DavidProwse_10,18,1,0.46114909648895264,0
test,David Prowse,dementia,dementia/David Prowse/DavidProwse_10.wav,DavidProwse_10,19,1,0.4586205780506134,0
test,David Prowse,dementia,dementia/David Prowse/DavidProwse_5.wav,DavidProwse_5,1,1,0.40257528424263,0
test,David Prowse,dementia,dementia/David Prowse/DavidProwse_5.wav,DavidProwse_5,2,1,0.38970932364463806,0
test,David Prowse,dementia,dementia/David Prowse/DavidProwse_5.wav,DavidProwse_5,3,1,0.3723177909851074,0
test,David Prowse,dementia,dementia/David Prowse/DavidProwse_5.wav,DavidProwse_5,4,1,0.37194547057151794,0
test,David Prowse,dementia,dementia/David Prowse/DavidProwse_5.wav,DavidProwse_5,5,1,0.37549084424972534,0
test,David Prowse,dementia,dementia/David Prowse/DavidProwse_5.wav,DavidProwse_5,6,1,0.3779429793357849,0
test,David Prowse,dementia,dementia/David Prowse/DavidProwse_5.wav,DavidProwse_5,7,1,0.3752209544181824,0
test,David Prowse,dementia,dementia/David Prowse/DavidProwse_5.wav,DavidProwse_5,8,1,0.3813190162181854,0
test,David Prowse,dementia,dementia/David Prowse/DavidProwse_5.wav,DavidProwse_5,9,1,0.3900874853134155,0
test,David Prowse,dementia,dementia/David Prowse/DavidProwse_5.wav,DavidProwse_5,10,1,0.3874313533306122,0
test,David Prowse,dementia,dementia/David Prowse/DavidProwse_5.wav,DavidProwse_5,11,1,0.40919235348701477,0
test,David Prowse,dementia,dementia/David Prowse/DavidProwse_5.wav,DavidProwse_5,12,1,0.4527635872364044,0
test,Gale Sayers,dementia,dementia/Gale Sayers/galesayers_0.wav,galesayers_0,1,1,0.5264795422554016,1
test,Gale Sayers,dementia,dementia/Gale Sayers/galesayers_0.wav,galesayers_0,2,1,0.5016626715660095,1
test,Gale Sayers,dementia,dementia/Gale Sayers/galesayers_0.wav,galesayers_0,3,1,0.4998345375061035,0
test,Gale Sayers,dementia,dementia/Gale Sayers/galesayers_0.wav,galesayers_0,4,1,0.5114367604255676,1
test,Gale Sayers,dementia,dementia/Gale Sayers/galesayers_0.wav,galesayers_0,5,1,0.5135877728462219,1
test,Gale Sayers,dementia,dementia/Gale Sayers/galesayers_0.wav,galesayers_0,6,1,0.5153833627700806,1
test,Gale Sayers,dementia,dementia/Gale Sayers/galesayers_0.wav,galesayers_0,7,1,0.526982307434082,1
test,Gale Sayers,dementia,dementia/Gale Sayers/galesayers_0.wav,galesayers_0,8,1,0.5418860912322998,1
test,Gale Sayers,dementia,dementia/Gale Sayers/galesayers_0.wav,galesayers_0,9,1,0.525437593460083,1
test,Gale Sayers,dementia,dementia/Gale Sayers/galesayers_0.wav,galesayers_0,10,1,0.5274332761764526,1
test,Gale Sayers,dementia,dementia/Gale Sayers/galesayers_0.wav,galesayers_0,11,1,0.5269373059272766,1
test,Gale Sayers,dementia,dementia/Gale Sayers/galesayers_0.wav,galesayers_0,12,1,0.5117388963699341,1
test,Gale Sayers,dementia,dementia/Gale Sayers/galesayers_0.wav,galesayers_0,13,1,0.5222383141517639,1
test,Gale Sayers,dementia,dementia/Gale Sayers/galesayers_0.wav,galesayers_0,14,1,0.5079473853111267,1
test,Gale Sayers,dementia,dementia/Gale Sayers/galesayers_0.wav,galesayers_0,15,1,0.5130792260169983,1
test,Gale Sayers,dementia,dementia/Gale Sayers/galesayers_0.wav,galesayers_0,16,1,0.5186672210693359,1
test,Gale Sayers,dementia,dementia/Gale Sayers/galesayers_0.wav,galesayers_0,17,1,0.4881863594055176,0
test,Gale Sayers,dementia,dementia/Gale Sayers/galesayers_5_1.wav,galesayers_5_1,1,1,0.5610932111740112,1
test,Gale Sayers,dementia,dementia/Gale Sayers/galesayers_5_1.wav,galesayers_5_1,2,1,0.5336780548095703,1
test,Gale Sayers,dementia,dementia/Gale Sayers/galesayers_5_1.wav,galesayers_5_1,3,1,0.5523433685302734,1
test,Gale Sayers,dementia,dementia/Gale Sayers/galesayers_5_1.wav,galesayers_5_1,4,1,0.5512011051177979,1
test,Gale Sayers,dementia,dementia/Gale Sayers/galesayers_5_1.wav,galesayers_5_1,5,1,0.5448359251022339,1
test,Gale Sayers,dementia,dementia/Gale Sayers/galesayers_5_1.wav,galesayers_5_1,6,1,0.5412929058074951,1
test,Gale Sayers,dementia,dementia/Gale Sayers/galesayers_5_1.wav,galesayers_5_1,7,1,0.504085898399353,1
test,Gale Sayers,dementia,dementia/Gale Sayers/galesayers_5_1.wav,galesayers_5_1,8,1,0.5077507495880127,1
test,Gale Sayers,dementia,dementia/Gale Sayers/galesayers_5_1.wav,galesayers_5_1,9,1,0.5006104707717896,1
test,Gale Sayers,dementia,dementia/Gale Sayers/galesayers_5_2.wav,galesayers_5_2,1,1,0.5403746366500854,1
test,Gale Sayers,dementia,dementia/Gale Sayers/galesayers_5_2.wav,galesayers_5_2,2,1,0.5157098174095154,1
test,Gale Sayers,dementia,dementia/Gale Sayers/galesayers_5_2.wav,galesayers_5_2,3,1,0.484944611787796,0
test,Gale Sayers,dementia,dementia/Gale Sayers/galesayers_5_2.wav,galesayers_5_2,4,1,0.4835079610347748,0
test,Gale Sayers,dementia,dementia/Gale Sayers/galesayers_5_2.wav,galesayers_5_2,5,1,0.5062229633331299,1
test,Gale Sayers,dementia,dementia/Gale Sayers/galesayers_5_2.wav,galesayers_5_2,6,1,0.49440738558769226,0
test,Gale Sayers,dementia,dementia/Gale Sayers/galesayers_5_2.wav,galesayers_5_2,7,1,0.4889827072620392,0
test,Gale Sayers,dementia,dementia/Gale Sayers/galesayers_5_2.wav,galesayers_5_2,8,1,0.5028250217437744,1
test,Gale Sayers,dementia,dementia/Gale Sayers/galesayers_5_2.wav,galesayers_5_2,9,1,0.49868881702423096,0
test,Gale Sayers,dementia,dementia/Gale Sayers/galesayers_5_2.wav,galesayers_5_2,10,1,0.4996969699859619,0
test,Gale Sayers,dementia,dementia/Gale Sayers/galesayers_5_2.wav,galesayers_5_2,11,1,0.4879807233810425,0
test,George Klein,dementia,dementia/George Klein/georgeklein_5_1.wav,georgeklein_5_1,1,1,0.4130564332008362,0
test,George Klein,dementia,dementia/George Klein/georgeklein_5_1.wav,georgeklein_5_1,2,1,0.4191449284553528,0
test,George Klein,dementia,dementia/George Klein/georgeklein_5_1.wav,georgeklein_5_1,3,1,0.45581066608428955,0
test,George Klein,dementia,dementia/George Klein/georgeklein_5_2.wav,georgeklein_5_2,1,1,0.5025487542152405,1
test,George Klein,dementia,dementia/George Klein/georgeklein_5_2.wav,georgeklein_5_2,2,1,0.5416472554206848,1
test,George Klein,dementia,dementia/George Klein/georgeklein_5_2.wav,georgeklein_5_2,3,1,0.5574913024902344,1
test,George Klein,dementia,dementia/George Klein/georgeklein_5_2.wav,georgeklein_5_2,4,1,0.5371168255805969,1
test,George Klein,dementia,dementia/George Klein/georgeklein_5_2.wav,georgeklein_5_2,5,1,0.5439854264259338,1
test,George Klein,dementia,dementia/George Klein/georgeklein_5_2.wav,georgeklein_5_2,6,1,0.5475136041641235,1
test,George Klein,dementia,dementia/George Klein/georgeklein_5_2.wav,georgeklein_5_2,7,1,0.5422669053077698,1
test,George Klein,dementia,dementia/George Klein/georgeklein_5_2.wav,georgeklein_5_2,8,1,0.5368892550468445,1
test,George Klein,dementia,dementia/George Klein/georgeklein_5_2.wav,georgeklein_5_2,9,1,0.5483980178833008,1
test,George Klein,dementia,dementia/George Klein/georgeklein_5_2.wav,georgeklein_5_2,10,1,0.5354070067405701,1
test,George Klein,dementia,dementia/George Klein/georgeklein_5_2.wav,georgeklein_5_2,11,1,0.5176873803138733,1
test,George Klein,dementia,dementia/George Klein/georgeklein_5_2.wav,georgeklein_5_2,12,1,0.5005544424057007,1
test,George Klein,dementia,dementia/George Klein/georgeklein_5_2.wav,georgeklein_5_2,13,1,0.4791976511478424,0
test,George Klein,dementia,dementia/George Klein/georgeklein_5_3.wav,georgeklein_5_3,1,1,0.39099717140197754,0
test,George Klein,dementia,dementia/George Klein/georgeklein_5_3.wav,georgeklein_5_3,2,1,0.38063088059425354,0
test,George Klein,dementia,dementia/George Klein/georgeklein_5_3.wav,georgeklein_5_3,3,1,0.41409561038017273,0
test,George Klein,dementia,dementia/George Klein/georgeklein_5_3.wav,georgeklein_5_3,4,1,0.46223941445350647,0
test,Jesse Helms,dementia,dementia/Jesse Helms/jessehelms_0.wav,jessehelms_0,1,1,0.412837952375412,0
test,Jesse Helms,dementia,dementia/Jesse Helms/jessehelms_0.wav,jessehelms_0,2,1,0.4345690608024597,0
test,Jesse Helms,dementia,dementia/Jesse Helms/jessehelms_0.wav,jessehelms_0,3,1,0.4335940480232239,0
test,Jesse Helms,dementia,dementia/Jesse Helms/jessehelms_0.wav,jessehelms_0,4,1,0.43454888463020325,0
test,Jesse Helms,dementia,dementia/Jesse Helms/jessehelms_0.wav,jessehelms_0,5,1,0.43284469842910767,0
test,Jesse Helms,dementia,dementia/Jesse Helms/jessehelms_0.wav,jessehelms_0,6,1,0.4292990267276764,0
test,Jesse Helms,dementia,dementia/Jesse Helms/jessehelms_0.wav,jessehelms_0,7,1,0.4339401125907898,0
test,Jesse Helms,dementia,dementia/Jesse Helms/jessehelms_0.wav,jessehelms_0,8,1,0.4362989366054535,0
test,Jesse Helms,dementia,dementia/Jesse Helms/jessehelms_0.wav,jessehelms_0,9,1,0.4320988953113556,0
test,Jesse Helms,dementia,dementia/Jesse Helms/jessehelms_0.wav,jessehelms_0,10,1,0.4384022653102875,0
test,Jesse Helms,dementia,dementia/Jesse Helms/jessehelms_0.wav,jessehelms_0,11,1,0.4355066120624542,0
test,Jesse Helms,dementia,dementia/Jesse Helms/jessehelms_0.wav,jessehelms_0,12,1,0.44378727674484253,0
test,Jesse Helms,dementia,dementia/Jesse Helms/jessehelms_0.wav,jessehelms_0,13,1,0.4526160657405853,0
test,Jesse Helms,dementia,dementia/Jesse Helms/jessehelms_0.wav,jessehelms_0,14,1,0.4300939738750458,0
test,Jesse Helms,dementia,dementia/Jesse Helms/jessehelms_0.wav,jessehelms_0,15,1,0.4298315644264221,0
test,Jesse Helms,dementia,dementia/Jesse Helms/jessehelms_0.wav,jessehelms_0,16,1,0.44199657440185547,0
test,Jesse Helms,dementia,dementia/Jesse Helms/jessehelms_0.wav,jessehelms_0,17,1,0.427141010761261,0
test,Jesse Helms,dementia,dementia/Jesse Helms/jessehelms_0.wav,jessehelms_0,18,1,0.44304463267326355,0
test,Jesse Helms,dementia,dementia/Jesse Helms/jessehelms_5_1.wav,jessehelms_5_1,1,1,0.43917086720466614,0
test,Jesse Helms,dementia,dementia/Jesse Helms/jessehelms_5_1.wav,jessehelms_5_1,2,1,0.4530145823955536,0
test,Jesse Helms,dementia,dementia/Jesse Helms/jessehelms_5_1.wav,jessehelms_5_1,3,1,0.4564540386199951,0
test,Jesse Helms,dementia,dementia/Jesse Helms/jessehelms_5_1.wav,jessehelms_5_1,4,1,0.4634416997432709,0
test,Jesse Helms,dementia,dementia/Jesse Helms/jessehelms_5_1.wav,jessehelms_5_1,5,1,0.46431735157966614,0
test,Jesse Helms,dementia,dementia/Jesse Helms/jessehelms_5_1.wav,jessehelms_5_1,6,1,0.4620808959007263,0
test,Jesse Helms,dementia,dementia/Jesse Helms/jessehelms_5_1.wav,jessehelms_5_1,7,1,0.45643049478530884,0
test,Jesse Helms,dementia,dementia/Jesse Helms/jessehelms_5_1.wav,jessehelms_5_1,8,1,0.4641869366168976,0
test,Jesse Helms,dementia,dementia/Jesse Helms/jessehelms_5_2.wav,jessehelms_5_2,1,1,0.4167276620864868,0
test,Jim Neidhart,dementia,dementia/Jim Neidhart/JimNeidhart_0.wav,JimNeidhart_0,1,1,0.5724193453788757,1
test,Jim Neidhart,dementia,dementia/Jim Neidhart/JimNeidhart_0.wav,JimNeidhart_0,2,1,0.5718066096305847,1
test,Jim Neidhart,dementia,dementia/Jim Neidhart/JimNeidhart_0.wav,JimNeidhart_0,3,1,0.5582060813903809,1
test,Jim Neidhart,dementia,dementia/Jim Neidhart/JimNeidhart_0.wav,JimNeidhart_0,4,1,0.5569044947624207,1
test,Jim Neidhart,dementia,dementia/Jim Neidhart/JimNeidhart_0.wav,JimNeidhart_0,5,1,0.5183346271514893,1
test,Jim Neidhart,dementia,dementia/Jim Neidhart/JimNeidhart_0.wav,JimNeidhart_0,6,1,0.4696166515350342,0
test,Jim Neidhart,dementia,dementia/Jim Neidhart/JimNeidhart_10.wav,JimNeidhart_10,1,1,0.5572549104690552,1
test,Jim Neidhart,dementia,dementia/Jim Neidhart/JimNeidhart_10.wav,JimNeidhart_10,2,1,0.5121630430221558,1
test,Jim Neidhart,dementia,dementia/Jim Neidhart/JimNeidhart_10.wav,JimNeidhart_10,3,1,0.48293599486351013,0
test,Jim Neidhart,dementia,dementia/Jim Neidhart/JimNeidhart_10.wav,JimNeidhart_10,4,1,0.4854576289653778,0
test,Jim Neidhart,dementia,dementia/Jim Neidhart/JimNeidhart_15.wav,JimNeidhart_15,1,1,0.4144832193851471,0
test,Jim Neidhart,dementia,dementia/Jim Neidhart/JimNeidhart_15.wav,JimNeidhart_15,2,1,0.42769935727119446,0
test,Jim Neidhart,dementia,dementia/Jim Neidhart/JimNeidhart_15.wav,JimNeidhart_15,3,1,0.4458220899105072,0
test,Jim Neidhart,dementia,dementia/Jim Neidhart/JimNeidhart_15.wav,JimNeidhart_15,4,1,0.46308568120002747,0
test,Jim Neidhart,dementia,dementia/Jim Neidhart/JimNeidhart_15.wav,JimNeidhart_15,5,1,0.4630357325077057,0
test,Jim Neidhart,dementia,dementia/Jim Neidhart/JimNeidhart_15.wav,JimNeidhart_15,6,1,0.47532162070274353,0
test,Jim Neidhart,dementia,dementia/Jim Neidhart/JimNeidhart_15.wav,JimNeidhart_15,7,1,0.4633987843990326,0
test,Jim Neidhart,dementia,dementia/Jim Neidhart/JimNeidhart_15.wav,JimNeidhart_15,8,1,0.462127149105072,0
test,Jim Neidhart,dementia,dementia/Jim Neidhart/JimNeidhart_15.wav,JimNeidhart_15,9,1,0.45280560851097107,0
test,Maurice Hinchey,dementia,dementia/Maurice Hinchey/mauricehinchey_0_1.wav,mauricehinchey_0_1,1,1,0.4781714677810669,0
test,Maurice Hinchey,dementia,dementia/Maurice Hinchey/mauricehinchey_0_1.wav,mauricehinchey_0_1,2,1,0.45301952958106995,0
test,Maurice Hinchey,dementia,dementia/Maurice Hinchey/mauricehinchey_0_1.wav,mauricehinchey_0_1,3,1,0.4520406126976013,0
test,Maurice Hinchey,dementia,dementia/Maurice Hinchey/mauricehinchey_0_1.wav,mauricehinchey_0_1,4,1,0.45170602202415466,0
test,Maurice Hinchey,dementia,dementia/Maurice Hinchey/mauricehinchey_0_1.wav,mauricehinchey_0_1,5,1,0.45835191011428833,0
test,Maurice Hinchey,dementia,dementia/Maurice Hinchey/mauricehinchey_0_1.wav,mauricehinchey_0_1,6,1,0.45732858777046204,0
test,Maurice Hinchey,dementia,dementia/Maurice Hinchey/mauricehinchey_0_1.wav,mauricehinchey_0_1,7,1,0.4471781551837921,0
test,Maurice Hinchey,dementia,dementia/Maurice Hinchey/mauricehinchey_0_1.wav,mauricehinchey_0_1,8,1,0.45308980345726013,0
test,Maurice Hinchey,dementia,dementia/Maurice Hinchey/mauricehinchey_0_1.wav,mauricehinchey_0_1,9,1,0.450685054063797,0
test,Maurice Hinchey,dementia,dementia/Maurice Hinchey/mauricehinchey_0_1.wav,mauricehinchey_0_1,10,1,0.4555458426475525,0
test,Maurice Hinchey,dementia,dementia/Maurice Hinchey/mauricehinchey_0_1.wav,mauricehinchey_0_1,11,1,0.4584081172943115,0
test,Maurice Hinchey,dementia,dementia/Maurice Hinchey/mauricehinchey_0_1.wav,mauricehinchey_0_1,12,1,0.45947930216789246,0
test,Maurice Hinchey,dementia,dementia/Maurice Hinchey/mauricehinchey_0_1.wav,mauricehinchey_0_1,13,1,0.4624657928943634,0
test,Maurice Hinchey,dementia,dementia/Maurice Hinchey/mauricehinchey_0_1.wav,mauricehinchey_0_1,14,1,0.4595356285572052,0
test,Maurice Hinchey,dementia,dementia/Maurice Hinchey/mauricehinchey_0_1.wav,mauricehinchey_0_1,15,1,0.47422489523887634,0
test,Maurice Hinchey,dementia,dementia/Maurice Hinchey/mauricehinchey_0_1.wav,mauricehinchey_0_1,16,1,0.4797852635383606,0
test,Maurice Hinchey,dementia,dementia/Maurice Hinchey/mauricehinchey_0_1.wav,mauricehinchey_0_1,17,1,0.4676196277141571,0
test,Maurice Hinchey,dementia,dementia/Maurice Hinchey/mauricehinchey_0_1.wav,mauricehinchey_0_1,18,1,0.4601914882659912,0
test,Maurice Hinchey,dementia,dementia/Maurice Hinchey/mauricehinchey_0_2.wav,mauricehinchey_0_2,1,1,0.43428871035575867,0
test,Maurice Hinchey,dementia,dementia/Maurice Hinchey/mauricehinchey_0_2.wav,mauricehinchey_0_2,2,1,0.4363662898540497,0
test,Maurice Hinchey,dementia,dementia/Maurice Hinchey/mauricehinchey_0_2.wav,mauricehinchey_0_2,3,1,0.43767160177230835,0
test,Maurice Hinchey,dementia,dementia/Maurice Hinchey/mauricehinchey_0_2.wav,mauricehinchey_0_2,4,1,0.46183010935783386,0
test,Maurice Hinchey,dementia,dementia/Maurice Hinchey/mauricehinchey_5.wav,mauricehinchey_5,1,1,0.4058198928833008,0
test,Maurice Hinchey,dementia,dementia/Maurice Hinchey/mauricehinchey_5.wav,mauricehinchey_5,2,1,0.3993493616580963,0
test,Maurice Hinchey,dementia,dementia/Maurice Hinchey/mauricehinchey_5.wav,mauricehinchey_5,3,1,0.41366130113601685,0
test,Maurice Hinchey,dementia,dementia/Maurice Hinchey/mauricehinchey_5.wav,mauricehinchey_5,4,1,0.44005823135375977,0
test,Maurice Hinchey,dementia,dementia/Maurice Hinchey/mauricehinchey_5.wav,mauricehinchey_5,5,1,0.4566945731639862,0
test,Maurice Hinchey,dementia,dementia/Maurice Hinchey/mauricehinchey_5.wav,mauricehinchey_5,6,1,0.4580700695514679,0
test,Maurice Hinchey,dementia,dementia/Maurice Hinchey/mauricehinchey_5.wav,mauricehinchey_5,7,1,0.4219929873943329,0
test,Maurice Hinchey,dementia,dementia/Maurice Hinchey/mauricehinchey_5.wav,mauricehinchey_5,8,1,0.4119824171066284,0
test,Maurice Hinchey,dementia,dementia/Maurice Hinchey/mauricehinchey_5.wav,mauricehinchey_5,9,1,0.4453325569629669,0
test,Maurice Hinchey,dementia,dementia/Maurice Hinchey/mauricehinchey_5.wav,mauricehinchey_5,10,1,0.43358540534973145,0
test,Maurice Hinchey,dementia,dementia/Maurice Hinchey/mauricehinchey_5.wav,mauricehinchey_5,11,1,0.43241503834724426,0
test,Maurice Hinchey,dementia,dementia/Maurice Hinchey/mauricehinchey_5.wav,mauricehinchey_5,12,1,0.4284270703792572,0
test,Maurice Hinchey,dementia,dementia/Maurice Hinchey/mauricehinchey_5.wav,mauricehinchey_5,13,1,0.41404467821121216,0
test,Maurice Hinchey,dementia,dementia/Maurice Hinchey/mauricehinchey_5.wav,mauricehinchey_5,14,1,0.42594844102859497,0
test,Maurice Hinchey,dementia,dementia/Maurice Hinchey/mauricehinchey_5.wav,mauricehinchey_5,15,1,0.4485851228237152,0
test,Maurice Hinchey,dementia,dementia/Maurice Hinchey/mauricehinchey_5.wav,mauricehinchey_5,16,1,0.4486962556838989,0
test,Maurice Hinchey,dementia,dementia/Maurice Hinchey/mauricehinchey_5.wav,mauricehinchey_5,17,1,0.43505334854125977,0
test,Maurice Hinchey,dementia,dementia/Maurice Hinchey/mauricehinchey_5.wav,mauricehinchey_5,18,1,0.4534679353237152,0
test,Peter Max,dementia,dementia/Peter Max/PeterMax_10.wav,PeterMax_10,1,1,0.4785606861114502,0
test,Peter Max,dementia,dementia/Peter Max/PeterMax_10.wav,PeterMax_10,2,1,0.48420625925064087,0
test,Peter Max,dementia,dementia/Peter Max/PeterMax_10.wav,PeterMax_10,3,1,0.48543211817741394,0
test,Peter Max,dementia,dementia/Peter Max/PeterMax_10.wav,PeterMax_10,4,1,0.48769229650497437,0
test,Peter Max,dementia,dementia/Peter Max/PeterMax_10.wav,PeterMax_10,5,1,0.4642201066017151,0
test,Peter Max,dementia,dementia/Peter Max/PeterMax_10.wav,PeterMax_10,6,1,0.439128577709198,0
test,Peter Max,dementia,dementia/Peter Max/PeterMax_10.wav,PeterMax_10,7,1,0.4470905363559723,0
test,Peter Max,dementia,dementia/Peter Max/PeterMax_10.wav,PeterMax_10,8,1,0.45571988821029663,0
test,Peter Max,dementia,dementia/Peter Max/PeterMax_15.wav,PeterMax_15,1,1,0.4144982099533081,0
test,Peter Max,dementia,dementia/Peter Max/PeterMax_15.wav,PeterMax_15,2,1,0.4188580811023712,0
test,Peter Max,dementia,dementia/Peter Max/PeterMax_15.wav,PeterMax_15,3,1,0.43579259514808655,0
test,Peter Max,dementia,dementia/Peter Max/PeterMax_15.wav,PeterMax_15,4,1,0.45187267661094666,0
test,Peter Max,dementia,dementia/Peter Max/PeterMax_15.wav,PeterMax_15,5,1,0.4618365466594696,0
test,Richard Gwyn,dementia,dementia/Richard Gwyn/RichardGwyn_0.wav,RichardGwyn_0,1,1,0.3501873016357422,0
test,Richard Gwyn,dementia,dementia/Richard Gwyn/RichardGwyn_0.wav,RichardGwyn_0,2,1,0.3709883391857147,0
test,Richard Gwyn,dementia,dementia/Richard Gwyn/RichardGwyn_0.wav,RichardGwyn_0,3,1,0.3786601424217224,0
test,Richard Gwyn,dementia,dementia/Richard Gwyn/RichardGwyn_0.wav,RichardGwyn_0,4,1,0.33893898129463196,0
test,Richard Gwyn,dementia,dementia/Richard Gwyn/RichardGwyn_0.wav,RichardGwyn_0,5,1,0.34055715799331665,0
test,Richard Gwyn,dementia,dementia/Richard Gwyn/RichardGwyn_0.wav,RichardGwyn_0,6,1,0.33996549248695374,0
test,Richard Gwyn,dementia,dementia/Richard Gwyn/RichardGwyn_0.wav,RichardGwyn_0,7,1,0.3771543502807617,0
test,Richard Gwyn,dementia,dementia/Richard Gwyn/RichardGwyn_0.wav,RichardGwyn_0,8,1,0.4165441691875458,0
test,Richard Gwyn,dementia,dementia/Richard Gwyn/RichardGwyn_0.wav,RichardGwyn_0,9,1,0.436849981546402,0
test,Richard Gwyn,dementia,dementia/Richard Gwyn/RichardGwyn_5.wav,RichardGwyn_5,1,1,0.4254876375198364,0
test,Richard Gwyn,dementia,dementia/Richard Gwyn/RichardGwyn_5.wav,RichardGwyn_5,2,1,0.4263622462749481,0
test,Richard Gwyn,dementia,dementia/Richard Gwyn/RichardGwyn_5.wav,RichardGwyn_5,3,1,0.4037274122238159,0
test,Richard Gwyn,dementia,dementia/Richard Gwyn/RichardGwyn_5.wav,RichardGwyn_5,4,1,0.4174935519695282,0
test,Richard Gwyn,dementia,dementia/Richard Gwyn/RichardGwyn_5.wav,RichardGwyn_5,5,1,0.4223986864089966,0
test,Richard Gwyn,dementia,dementia/Richard Gwyn/RichardGwyn_5.wav,RichardGwyn_5,6,1,0.41490963101387024,0
test,Richard Gwyn,dementia,dementia/Richard Gwyn/RichardGwyn_5.wav,RichardGwyn_5,7,1,0.4146542549133301,0
test,Richard Gwyn,dementia,dementia/Richard Gwyn/RichardGwyn_5.wav,RichardGwyn_5,8,1,0.4366375803947449,0
test,Richard Gwyn,dementia,dementia/Richard Gwyn/RichardGwyn_5.wav,RichardGwyn_5,9,1,0.4567272961139679,0
test,Richard Gwyn,dementia,dementia/Richard Gwyn/RichardGwyn_5.wav,RichardGwyn_5,10,1,0.43132734298706055,0
test,Richard Gwyn,dementia,dementia/Richard Gwyn/RichardGwyn_5.wav,RichardGwyn_5,11,1,0.4349488615989685,0
test,Richard Gwyn,dementia,dementia/Richard Gwyn/RichardGwyn_5.wav,RichardGwyn_5,12,1,0.45479705929756165,0
test,Richard Gwyn,dementia,dementia/Richard Gwyn/RichardGwyn_5.wav,RichardGwyn_5,13,1,0.42533740401268005,0
test,Richard Gwyn,dementia,dementia/Richard Gwyn/RichardGwyn_5.wav,RichardGwyn_5,14,1,0.408965140581131,0
test,Richard Gwyn,dementia,dementia/Richard Gwyn/RichardGwyn_5.wav,RichardGwyn_5,15,1,0.43596193194389343,0
test,Richard Gwyn,dementia,dementia/Richard Gwyn/RichardGwyn_5.wav,RichardGwyn_5,16,1,0.39852163195610046,0
test,Richard Gwyn,dementia,dementia/Richard Gwyn/RichardGwyn_5.wav,RichardGwyn_5,17,1,0.41547560691833496,0
test,Richard Gwyn,dementia,dementia/Richard Gwyn/RichardGwyn_5.wav,RichardGwyn_5,18,1,0.4707334637641907,0
test,Richard Gwyn,dementia,dementia/Richard Gwyn/RichardGwyn_5.wav,RichardGwyn_5,19,1,0.43565231561660767,0
test,Richard Gwyn,dementia,dementia/Richard Gwyn/RichardGwyn_5.wav,RichardGwyn_5,20,1,0.38347476720809937,0
test,Richard Gwyn,dementia,dementia/Richard Gwyn/RichardGwyn_5.wav,RichardGwyn_5,21,1,0.4262828826904297,0
test,Richard Gwyn,dementia,dementia/Richard Gwyn/RichardGwyn_5.wav,RichardGwyn_5,22,1,0.4664008915424347,0
test,Richard Gwyn,dementia,dementia/Richard Gwyn/RichardGwyn_5.wav,RichardGwyn_5,23,1,0.4583885669708252,0
test,Richard Gwyn,dementia,dementia/Richard Gwyn/RichardGwyn_5.wav,RichardGwyn_5,24,1,0.4394647181034088,0
test,Richard Gwyn,dementia,dementia/Richard Gwyn/RichardGwyn_5.wav,RichardGwyn_5,25,1,0.39908695220947266,0
test,Richard Gwyn,dementia,dementia/Richard Gwyn/RichardGwyn_5.wav,RichardGwyn_5,26,1,0.37045198678970337,0
test,Richard Gwyn,dementia,dementia/Richard Gwyn/RichardGwyn_5.wav,RichardGwyn_5,27,1,0.3671323359012604,0
test,Richard Gwyn,dementia,dementia/Richard Gwyn/RichardGwyn_5.wav,RichardGwyn_5,28,1,0.37429532408714294,0
test,Richard Gwyn,dementia,dementia/Richard Gwyn/RichardGwyn_5.wav,RichardGwyn_5,29,1,0.3712216913700104,0
test,Richard Gwyn,dementia,dementia/Richard Gwyn/RichardGwyn_5.wav,RichardGwyn_5,30,1,0.390933096408844,0
test,Richard Gwyn,dementia,dementia/Richard Gwyn/RichardGwyn_5.wav,RichardGwyn_5,31,1,0.3924752175807953,0
test,Richard Gwyn,dementia,dementia/Richard Gwyn/RichardGwyn_5.wav,RichardGwyn_5,32,1,0.4086184799671173,0
test,Richard Gwyn,dementia,dementia/Richard Gwyn/RichardGwyn_5.wav,RichardGwyn_5,33,1,0.45349985361099243,0
test,Ronan O_Rahilly,dementia,dementia/Ronan O_Rahilly/ronano_rahilly_15_1.wav,ronano_rahilly_15_1,1,1,0.4503917694091797,0
test,Ronan O_Rahilly,dementia,dementia/Ronan O_Rahilly/ronano_rahilly_15_1.wav,ronano_rahilly_15_1,2,1,0.4524186849594116,0
test,Ronan O_Rahilly,dementia,dementia/Ronan O_Rahilly/ronano_rahilly_15_1.wav,ronano_rahilly_15_1,3,1,0.4426831305027008,0
test,Ronan O_Rahilly,dementia,dementia/Ronan O_Rahilly/ronano_rahilly_15_1.wav,ronano_rahilly_15_1,4,1,0.4298509359359741,0
test,Ronan O_Rahilly,dementia,dementia/Ronan O_Rahilly/ronano_rahilly_15_1.wav,ronano_rahilly_15_1,5,1,0.45409196615219116,0
test,Ronan O_Rahilly,dementia,dementia/Ronan O_Rahilly/ronano_rahilly_15_1.wav,ronano_rahilly_15_1,6,1,0.46786782145500183,0
test,Ronan O_Rahilly,dementia,dementia/Ronan O_Rahilly/ronano_rahilly_15_1.wav,ronano_rahilly_15_1,7,1,0.45077863335609436,0
test,Ronan O_Rahilly,dementia,dementia/Ronan O_Rahilly/ronano_rahilly_15_1.wav,ronano_rahilly_15_1,8,1,0.4509642422199249,0
test,Ronan O_Rahilly,dementia,dementia/Ronan O_Rahilly/ronano_rahilly_15_1.wav,ronano_rahilly_15_1,9,1,0.4584576189517975,0
test,Ronan O_Rahilly,dementia,dementia/Ronan O_Rahilly/ronano_rahilly_15_1.wav,ronano_rahilly_15_1,10,1,0.4613995850086212,0
test,Ronan O_Rahilly,dementia,dementia/Ronan O_Rahilly/ronano_rahilly_15_1.wav,ronano_rahilly_15_1,11,1,0.4471017122268677,0
test,Ronan O_Rahilly,dementia,dementia/Ronan O_Rahilly/ronano_rahilly_15_1.wav,ronano_rahilly_15_1,12,1,0.4560204744338989,0
test,Ronan O_Rahilly,dementia,dementia/Ronan O_Rahilly/ronano_rahilly_15_1.wav,ronano_rahilly_15_1,13,1,0.45718422532081604,0
test,Ronan O_Rahilly,dementia,dementia/Ronan O_Rahilly/ronano_rahilly_15_1.wav,ronano_rahilly_15_1,14,1,0.4363502860069275,0
test,Ronan O_Rahilly,dementia,dementia/Ronan O_Rahilly/ronano_rahilly_15_1.wav,ronano_rahilly_15_1,15,1,0.44385623931884766,0
test,Ronan O_Rahilly,dementia,dementia/Ronan O_Rahilly/ronano_rahilly_15_1.wav,ronano_rahilly_15_1,16,1,0.44875943660736084,0
test,Ronan O_Rahilly,dementia,dementia/Ronan O_Rahilly/ronano_rahilly_15_1.wav,ronano_rahilly_15_1,17,1,0.4495936334133148,0
test,Ronan O_Rahilly,dementia,dementia/Ronan O_Rahilly/ronano_rahilly_15_1.wav,ronano_rahilly_15_1,18,1,0.4651108384132385,0
test,Ronan O_Rahilly,dementia,dementia/Ronan O_Rahilly/ronano_rahilly_15_2.wav,ronano_rahilly_15_2,1,1,0.329500675201416,0
test,Ronan O_Rahilly,dementia,dementia/Ronan O_Rahilly/ronano_rahilly_15_2.wav,ronano_rahilly_15_2,2,1,0.31996023654937744,0
test,Ronan O_Rahilly,dementia,dementia/Ronan O_Rahilly/ronano_rahilly_15_2.wav,ronano_rahilly_15_2,3,1,0.31133127212524414,0
test,Ronan O_Rahilly,dementia,dementia/Ronan O_Rahilly/ronano_rahilly_15_2.wav,ronano_rahilly_15_2,4,1,0.3273041844367981,0
test,Ronan O_Rahilly,dementia,dementia/Ronan O_Rahilly/ronano_rahilly_15_2.wav,ronano_rahilly_15_2,5,1,0.40173447132110596,0
test,Harry Belafonte,nodementia,nodementia/Harry Belafonte/HarryBelafonte_1.wav,HarryBelafonte_1,1,0,0.35349389910697937,0
test,Harry Belafonte,nodementia,nodementia/Harry Belafonte/HarryBelafonte_1.wav,HarryBelafonte_1,2,0,0.355001837015152,0
test,Harry Belafonte,nodementia,nodementia/Harry Belafonte/HarryBelafonte_1.wav,HarryBelafonte_1,3,0,0.3518860638141632,0
test,Harry Belafonte,nodementia,nodementia/Harry Belafonte/HarryBelafonte_1.wav,HarryBelafonte_1,4,0,0.3455130457878113,0
test,Harry Belafonte,nodementia,nodementia/Harry Belafonte/HarryBelafonte_1.wav,HarryBelafonte_1,5,0,0.34241700172424316,0
test,Harry Belafonte,nodementia,nodementia/Harry Belafonte/HarryBelafonte_1.wav,HarryBelafonte_1,6,0,0.3587784767150879,0
test,Harry Belafonte,nodementia,nodementia/Harry Belafonte/HarryBelafonte_1.wav,HarryBelafonte_1,7,0,0.36679893732070923,0
test,Harry Belafonte,nodementia,nodementia/Harry Belafonte/HarryBelafonte_1.wav,HarryBelafonte_1,8,0,0.3587997555732727,0
test,Harry Belafonte,nodementia,nodementia/Harry Belafonte/HarryBelafonte_1.wav,HarryBelafonte_1,9,0,0.34668052196502686,0
test,Harry Belafonte,nodementia,nodementia/Harry Belafonte/HarryBelafonte_1.wav,HarryBelafonte_1,10,0,0.36447373032569885,0
test,Harry Belafonte,nodementia,nodementia/Harry Belafonte/HarryBelafonte_1.wav,HarryBelafonte_1,11,0,0.3930690586566925,0
test,Harry Belafonte,nodementia,nodementia/Harry Belafonte/HarryBelafonte_1.wav,HarryBelafonte_1,12,0,0.37833839654922485,0
test,Harry Belafonte,nodementia,nodementia/Harry Belafonte/HarryBelafonte_1.wav,HarryBelafonte_1,13,0,0.35716885328292847,0
test,Harry Belafonte,nodementia,nodementia/Harry Belafonte/HarryBelafonte_1.wav,HarryBelafonte_1,14,0,0.3590712547302246,0
test,Harry Belafonte,nodementia,nodementia/Harry Belafonte/HarryBelafonte_1.wav,HarryBelafonte_1,15,0,0.3606107831001282,0
test,Harry Belafonte,nodementia,nodementia/Harry Belafonte/HarryBelafonte_1.wav,HarryBelafonte_1,16,0,0.3535004258155823,0
test,Harry Belafonte,nodementia,nodementia/Harry Belafonte/HarryBelafonte_1.wav,HarryBelafonte_1,17,0,0.3651076853275299,0
test,Harry Belafonte,nodementia,nodementia/Harry Belafonte/HarryBelafonte_1.wav,HarryBelafonte_1,18,0,0.4292382299900055,0
test,Harry Belafonte,nodementia,nodementia/Harry Belafonte/HarryBelafonte_2.wav,HarryBelafonte_2,1,0,0.3759708106517792,0
test,Harry Belafonte,nodementia,nodementia/Harry Belafonte/HarryBelafonte_2.wav,HarryBelafonte_2,2,0,0.35736197233200073,0
test,Harry Belafonte,nodementia,nodementia/Harry Belafonte/HarryBelafonte_2.wav,HarryBelafonte_2,3,0,0.35147151350975037,0
test,Harry Belafonte,nodementia,nodementia/Harry Belafonte/HarryBelafonte_2.wav,HarryBelafonte_2,4,0,0.3567604422569275,0
test,Harry Belafonte,nodementia,nodementia/Harry Belafonte/HarryBelafonte_2.wav,HarryBelafonte_2,5,0,0.3510100543498993,0
test,Harry Belafonte,nodementia,nodementia/Harry Belafonte/HarryBelafonte_2.wav,HarryBelafonte_2,6,0,0.3639185428619385,0
test,Harry Belafonte,nodementia,nodementia/Harry Belafonte/HarryBelafonte_2.wav,HarryBelafonte_2,7,0,0.3861749470233917,0
test,Harry Belafonte,nodementia,nodementia/Harry Belafonte/HarryBelafonte_2.wav,HarryBelafonte_2,8,0,0.3591417074203491,0
test,Harry Belafonte,nodementia,nodementia/Harry Belafonte/HarryBelafonte_2.wav,HarryBelafonte_2,9,0,0.34382495284080505,0
test,Harry Belafonte,nodementia,nodementia/Harry Belafonte/HarryBelafonte_2.wav,HarryBelafonte_2,10,0,0.35769936442375183,0
test,Harry Belafonte,nodementia,nodementia/Harry Belafonte/HarryBelafonte_2.wav,HarryBelafonte_2,11,0,0.34889960289001465,0
test,Harry Belafonte,nodementia,nodementia/Harry Belafonte/HarryBelafonte_2.wav,HarryBelafonte_2,12,0,0.3413975238800049,0
test,Harry Belafonte,nodementia,nodementia/Harry Belafonte/HarryBelafonte_2.wav,HarryBelafonte_2,13,0,0.367481529712677,0
test,Harry Belafonte,nodementia,nodementia/Harry Belafonte/HarryBelafonte_2.wav,HarryBelafonte_2,14,0,0.4240049123764038,0
test,Harry Belafonte,nodementia,nodementia/Harry Belafonte/HarryBelafonte_3.wav,HarryBelafonte_3,1,0,0.38449200987815857,0
test,Harry Belafonte,nodementia,nodementia/Harry Belafonte/HarryBelafonte_3.wav,HarryBelafonte_3,2,0,0.3839479982852936,0
test,Harry Belafonte,nodementia,nodementia/Harry Belafonte/HarryBelafonte_3.wav,HarryBelafonte_3,3,0,0.39615920186042786,0
test,Harry Belafonte,nodementia,nodementia/Harry Belafonte/HarryBelafonte_3.wav,HarryBelafonte_3,4,0,0.3799887001514435,0
test,Harry Belafonte,nodementia,nodementia/Harry Belafonte/HarryBelafonte_3.wav,HarryBelafonte_3,5,0,0.3664458394050598,0
test,Harry Belafonte,nodementia,nodementia/Harry Belafonte/HarryBelafonte_3.wav,HarryBelafonte_3,6,0,0.36956754326820374,0
test,Harry Belafonte,nodementia,nodementia/Harry Belafonte/HarryBelafonte_3.wav,HarryBelafonte_3,7,0,0.3706602454185486,0
test,Harry Belafonte,nodementia,nodementia/Harry Belafonte/HarryBelafonte_3.wav,HarryBelafonte_3,8,0,0.37995022535324097,0
test,Harry Belafonte,nodementia,nodementia/Harry Belafonte/HarryBelafonte_3.wav,HarryBelafonte_3,9,0,0.36926549673080444,0
test,Harry Belafonte,nodementia,nodementia/Harry Belafonte/HarryBelafonte_3.wav,HarryBelafonte_3,10,0,0.3552386462688446,0
test,Harry Belafonte,nodementia,nodementia/Harry Belafonte/HarryBelafonte_3.wav,HarryBelafonte_3,11,0,0.3526323735713959,0
test,Harry Belafonte,nodementia,nodementia/Harry Belafonte/HarryBelafonte_3.wav,HarryBelafonte_3,12,0,0.34735456109046936,0
test,Harry Belafonte,nodementia,nodementia/Harry Belafonte/HarryBelafonte_3.wav,HarryBelafonte_3,13,0,0.4082443118095398,0
test,Joe Pesci,nodementia,nodementia/Joe Pesci/JoePesci_1.wav,JoePesci_1,1,0,0.4692952632904053,0
test,Joe Pesci,nodementia,nodementia/Joe Pesci/JoePesci_1.wav,JoePesci_1,2,0,0.4251444339752197,0
test,Joe Pesci,nodementia,nodementia/Joe Pesci/JoePesci_1.wav,JoePesci_1,3,0,0.4625270664691925,0
test,Joe Pesci,nodementia,nodementia/Joe Pesci/JoePesci_1.wav,JoePesci_1,4,0,0.49769681692123413,0
test,Joe Pesci,nodementia,nodementia/Joe Pesci/JoePesci_1.wav,JoePesci_1,5,0,0.4848451316356659,0
test,Joe Pesci,nodementia,nodementia/Joe Pesci/JoePesci_1.wav,JoePesci_1,6,0,0.47774022817611694,0
test,Joe Pesci,nodementia,nodementia/Joe Pesci/JoePesci_2.wav,JoePesci_2,1,0,0.4323221743106842,0
test,Joe Pesci,nodementia,nodementia/Joe Pesci/JoePesci_2.wav,JoePesci_2,2,0,0.3891994059085846,0
test,Joe Pesci,nodementia,nodementia/Joe Pesci/JoePesci_2.wav,JoePesci_2,3,0,0.40505704283714294,0
test,Joe Pesci,nodementia,nodementia/Joe Pesci/JoePesci_2.wav,JoePesci_2,4,0,0.4311029314994812,0
test,Joe Pesci,nodementia,nodementia/Joe Pesci/JoePesci_2.wav,JoePesci_2,5,0,0.41263914108276367,0
test,Joe Pesci,nodementia,nodementia/Joe Pesci/JoePesci_2.wav,JoePesci_2,6,0,0.4358218014240265,0
test,Joe Pesci,nodementia,nodementia/Joe Pesci/JoePesci_2.wav,JoePesci_2,7,0,0.4485096037387848,0
test,Joe Pesci,nodementia,nodementia/Joe Pesci/JoePesci_2.wav,JoePesci_2,8,0,0.4051242470741272,0
test,Joe Pesci,nodementia,nodementia/Joe Pesci/JoePesci_2.wav,JoePesci_2,9,0,0.4126660227775574,0
test,Joe Pesci,nodementia,nodementia/Joe Pesci/JoePesci_2.wav,JoePesci_2,10,0,0.42926687002182007,0
test,Joe Pesci,nodementia,nodementia/Joe Pesci/JoePesci_2.wav,JoePesci_2,11,0,0.4851977527141571,0
test,Joe Pesci,nodementia,nodementia/Joe Pesci/JoePesci_2.wav,JoePesci_2,12,0,0.47550708055496216,0
test,Joe Pesci,nodementia,nodementia/Joe Pesci/JoePesci_2.wav,JoePesci_2,13,0,0.44572174549102783,0
test,Joe Pesci,nodementia,nodementia/Joe Pesci/JoePesci_2.wav,JoePesci_2,14,0,0.4775814712047577,0
test,Joe Pesci,nodementia,nodementia/Joe Pesci/JoePesci_3.wav,JoePesci_3,1,0,0.44783294200897217,0
test,Joe Pesci,nodementia,nodementia/Joe Pesci/JoePesci_3.wav,JoePesci_3,2,0,0.45240169763565063,0
test,Joe Pesci,nodementia,nodementia/Joe Pesci/JoePesci_3.wav,JoePesci_3,3,0,0.4525209963321686,0
test,Joe Pesci,nodementia,nodementia/Joe Pesci/JoePesci_3.wav,JoePesci_3,4,0,0.43589770793914795,0
test,Joe Pesci,nodementia,nodementia/Joe Pesci/JoePesci_3.wav,JoePesci_3,5,0,0.42678484320640564,0
test,Joe Pesci,nodementia,nodementia/Joe Pesci/JoePesci_3.wav,JoePesci_3,6,0,0.4547352194786072,0
test,Joe Pesci,nodementia,nodementia/Joe Pesci/JoePesci_3.wav,JoePesci_3,7,0,0.48925650119781494,0
test,Joe Pesci,nodementia,nodementia/Joe Pesci/JoePesci_3.wav,JoePesci_3,8,0,0.4977206587791443,0
test,Joe Pesci,nodementia,nodementia/Joe Pesci/JoePesci_3.wav,JoePesci_3,9,0,0.49683618545532227,0
test,Joe Pesci,nodementia,nodementia/Joe Pesci/JoePesci_3.wav,JoePesci_3,10,0,0.4768950641155243,0
test,Kirk Douglas,nodementia,nodementia/Kirk Douglas/Kirk Douglas_1.wav,Kirk Douglas_1,1,0,0.4714822769165039,0
test,Kirk Douglas,nodementia,nodementia/Kirk Douglas/Kirk Douglas_1.wav,Kirk Douglas_1,2,0,0.46272793412208557,0
test,Kirk Douglas,nodementia,nodementia/Kirk Douglas/Kirk Douglas_1.wav,Kirk Douglas_1,3,0,0.4661282002925873,0
test,Kirk Douglas,nodementia,nodementia/Kirk Douglas/Kirk Douglas_1.wav,Kirk Douglas_1,4,0,0.47288867831230164,0
test,Kirk Douglas,nodementia,nodementia/Kirk Douglas/Kirk Douglas_1.wav,Kirk Douglas_1,5,0,0.4699201285839081,0
test,Kirk Douglas,nodementia,nodementia/Kirk Douglas/Kirk Douglas_1.wav,Kirk Douglas_1,6,0,0.46684786677360535,0
test,Kirk Douglas,nodementia,nodementia/Kirk Douglas/Kirk Douglas_1.wav,Kirk Douglas_1,7,0,0.4574504792690277,0
test,Kirk Douglas,nodementia,nodementia/Kirk Douglas/Kirk Douglas_1.wav,Kirk Douglas_1,8,0,0.45680856704711914,0
test,Kirk Douglas,nodementia,nodementia/Kirk Douglas/Kirk Douglas_1.wav,Kirk Douglas_1,9,0,0.4640463590621948,0
test,Kirk Douglas,nodementia,nodementia/Kirk Douglas/Kirk Douglas_1.wav,Kirk Douglas_1,10,0,0.4665459394454956,0
test,Kirk Douglas,nodementia,nodementia/Kirk Douglas/Kirk Douglas_1.wav,Kirk Douglas_1,11,0,0.45882561802864075,0
test,Kirk Douglas,nodementia,nodementia/Kirk Douglas/Kirk Douglas_1.wav,Kirk Douglas_1,12,0,0.4543360471725464,0
test,Kirk Douglas,nodementia,nodementia/Kirk Douglas/Kirk Douglas_1.wav,Kirk Douglas_1,13,0,0.466488242149353,0
test,Kirk Douglas,nodementia,nodementia/Kirk Douglas/Kirk Douglas_2.wav,Kirk Douglas_2,1,0,0.41561827063560486,0
test,Kirk Douglas,nodementia,nodementia/Kirk Douglas/Kirk Douglas_2.wav,Kirk Douglas_2,2,0,0.40781620144844055,0
test,Kirk Douglas,nodementia,nodementia/Kirk Douglas/Kirk Douglas_2.wav,Kirk Douglas_2,3,0,0.3905279040336609,0
test,Kirk Douglas,nodementia,nodementia/Kirk Douglas/Kirk Douglas_2.wav,Kirk Douglas_2,4,0,0.4056026041507721,0
test,Kirk Douglas,nodementia,nodementia/Kirk Douglas/Kirk Douglas_2.wav,Kirk Douglas_2,5,0,0.4113258123397827,0
test,Kirk Douglas,nodementia,nodementia/Kirk Douglas/Kirk Douglas_2.wav,Kirk Douglas_2,6,0,0.4021143615245819,0
test,Kirk Douglas,nodementia,nodementia/Kirk Douglas/Kirk Douglas_2.wav,Kirk Douglas_2,7,0,0.39674413204193115,0
test,Kirk Douglas,nodementia,nodementia/Kirk Douglas/Kirk Douglas_2.wav,Kirk Douglas_2,8,0,0.40884140133857727,0
test,Kirk Douglas,nodementia,nodementia/Kirk Douglas/Kirk Douglas_2.wav,Kirk Douglas_2,9,0,0.41266030073165894,0
test,Kirk Douglas,nodementia,nodementia/Kirk Douglas/Kirk Douglas_2.wav,Kirk Douglas_2,10,0,0.41279977560043335,0
test,Kirk Douglas,nodementia,nodementia/Kirk Douglas/Kirk Douglas_2.wav,Kirk Douglas_2,11,0,0.4037519693374634,0
test,Kirk Douglas,nodementia,nodementia/Kirk Douglas/Kirk Douglas_2.wav,Kirk Douglas_2,12,0,0.40565225481987,0
test,Kirk Douglas,nodementia,nodementia/Kirk Douglas/Kirk Douglas_2.wav,Kirk Douglas_2,13,0,0.405497282743454,0
test,Kirk Douglas,nodementia,nodementia/Kirk Douglas/Kirk Douglas_2.wav,Kirk Douglas_2,14,0,0.427808940410614,0
test,Kirk Douglas,nodementia,nodementia/Kirk Douglas/Kirk Douglas_2.wav,Kirk Douglas_2,15,0,0.4625070095062256,0
test,Kirk Douglas,nodementia,nodementia/Kirk Douglas/Kirk Douglas_3.wav,Kirk Douglas_3,1,0,0.47964054346084595,0
test,Kirk Douglas,nodementia,nodementia/Kirk Douglas/Kirk Douglas_3.wav,Kirk Douglas_3,2,0,0.4502883851528168,0
test,Kirk Douglas,nodementia,nodementia/Kirk Douglas/Kirk Douglas_3.wav,Kirk Douglas_3,3,0,0.452572762966156,0
test,Kirk Douglas,nodementia,nodementia/Kirk Douglas/Kirk Douglas_3.wav,Kirk Douglas_3,4,0,0.4575102627277374,0
test,Kirk Douglas,nodementia,nodementia/Kirk Douglas/Kirk Douglas_3.wav,Kirk Douglas_3,5,0,0.48018118739128113,0
test,Kirk Douglas,nodementia,nodementia/Kirk Douglas/Kirk Douglas_3.wav,Kirk Douglas_3,6,0,0.4959651529788971,0
test,Mel brooks,nodementia,nodementia/Mel brooks/Mel brooks_1.wav,Mel brooks_1,1,0,0.40109336376190186,0
test,Mel brooks,nodementia,nodementia/Mel brooks/Mel brooks_1.wav,Mel brooks_1,2,0,0.36839956045150757,0
test,Mel brooks,nodementia,nodementia/Mel brooks/Mel brooks_1.wav,Mel brooks_1,3,0,0.36258476972579956,0
test,Mel brooks,nodementia,nodementia/Mel brooks/Mel brooks_1.wav,Mel brooks_1,4,0,0.33705514669418335,0
test,Mel brooks,nodementia,nodementia/Mel brooks/Mel brooks_1.wav,Mel brooks_1,5,0,0.3253951072692871,0
test,Mel brooks,nodementia,nodementia/Mel brooks/Mel brooks_1.wav,Mel brooks_1,6,0,0.32926464080810547,0
test,Mel brooks,nodementia,nodementia/Mel brooks/Mel brooks_1.wav,Mel brooks_1,7,0,0.39451369643211365,0
test,Mel brooks,nodementia,nodementia/Mel brooks/Mel brooks_2.wav,Mel brooks_2,1,0,0.4305933117866516,0
test,Mel brooks,nodementia,nodementia/Mel brooks/Mel brooks_2.wav,Mel brooks_2,2,0,0.3812336027622223,0
test,Mel brooks,nodementia,nodementia/Mel brooks/Mel brooks_2.wav,Mel brooks_2,3,0,0.38841482996940613,0
test,Mel brooks,nodementia,nodementia/Mel brooks/Mel brooks_2.wav,Mel brooks_2,4,0,0.4410185217857361,0
test,Mel brooks,nodementia,nodementia/Mel brooks/Mel brooks_2.wav,Mel brooks_2,5,0,0.4881843328475952,0
test,Mel brooks,nodementia,nodementia/Mel brooks/Mel brooks_2.wav,Mel brooks_2,6,0,0.49533310532569885,0
test,Mel brooks,nodementia,nodementia/Mel brooks/Mel brooks_2.wav,Mel brooks_2,7,0,0.43408268690109253,0
test,Mel brooks,nodementia,nodementia/Mel brooks/Mel brooks_2.wav,Mel brooks_2,8,0,0.41836825013160706,0
test,Mel brooks,nodementia,nodementia/Mel brooks/Mel brooks_2.wav,Mel brooks_2,9,0,0.4216073155403137,0
test,Mel brooks,nodementia,nodementia/Mel brooks/Mel brooks_2.wav,Mel brooks_2,10,0,0.45692703127861023,0
test,Mel brooks,nodementia,nodementia/Mel brooks/Mel brooks_2.wav,Mel brooks_2,11,0,0.5110408663749695,1
test,Mel brooks,nodementia,nodementia/Mel brooks/Mel brooks_2.wav,Mel brooks_2,12,0,0.46982264518737793,0
test,Mel brooks,nodementia,nodementia/Mel brooks/Mel brooks_2.wav,Mel brooks_2,13,0,0.43094587326049805,0
test,Mel brooks,nodementia,nodementia/Mel brooks/Mel brooks_2.wav,Mel brooks_2,14,0,0.4319523572921753,0
test,Mel brooks,nodementia,nodementia/Mel brooks/Mel brooks_2.wav,Mel brooks_2,15,0,0.4373064935207367,0
test,Mel brooks,nodementia,nodementia/Mel brooks/Mel brooks_2.wav,Mel brooks_2,16,0,0.4707496464252472,0
test,Mel brooks,nodementia,nodementia/Mel brooks/Mel brooks_2.wav,Mel brooks_2,17,0,0.4821360409259796,0
test,Mel brooks,nodementia,nodementia/Mel brooks/Mel brooks_2.wav,Mel brooks_2,18,0,0.4675501883029938,0
test,Mel brooks,nodementia,nodementia/Mel brooks/Mel brooks_3.wav,Mel brooks_3,1,0,0.5737041234970093,1
test,Mel brooks,nodementia,nodementia/Mel brooks/Mel brooks_3.wav,Mel brooks_3,2,0,0.5440083146095276,1
test,Mel brooks,nodementia,nodementia/Mel brooks/Mel brooks_3.wav,Mel brooks_3,3,0,0.5632141828536987,1
test,Mel brooks,nodementia,nodementia/Mel brooks/Mel brooks_3.wav,Mel brooks_3,4,0,0.6141019463539124,1
test,Mel brooks,nodementia,nodementia/Mel brooks/Mel brooks_3.wav,Mel brooks_3,5,0,0.5489563941955566,1
test,Morgen Freeman,nodementia,nodementia/Morgen Freeman/Morgen Freeman_1.wav,Morgen Freeman_1,1,0,0.42874014377593994,0
test,Morgen Freeman,nodementia,nodementia/Morgen Freeman/Morgen Freeman_1.wav,Morgen Freeman_1,2,0,0.3969835340976715,0
test,Morgen Freeman,nodementia,nodementia/Morgen Freeman/Morgen Freeman_1.wav,Morgen Freeman_1,3,0,0.4013543128967285,0
test,Morgen Freeman,nodementia,nodementia/Morgen Freeman/Morgen Freeman_1.wav,Morgen Freeman_1,4,0,0.4050948917865753,0
test,Morgen Freeman,nodementia,nodementia/Morgen Freeman/Morgen Freeman_1.wav,Morgen Freeman_1,5,0,0.40671506524086,0
test,Morgen Freeman,nodementia,nodementia/Morgen Freeman/Morgen Freeman_1.wav,Morgen Freeman_1,6,0,0.41102099418640137,0
test,Morgen Freeman,nodementia,nodementia/Morgen Freeman/Morgen Freeman_1.wav,Morgen Freeman_1,7,0,0.40825921297073364,0
test,Morgen Freeman,nodementia,nodementia/Morgen Freeman/Morgen Freeman_1.wav,Morgen Freeman_1,8,0,0.4086291790008545,0
test,Morgen Freeman,nodementia,nodementia/Morgen Freeman/Morgen Freeman_1.wav,Morgen Freeman_1,9,0,0.4040166437625885,0
test,Morgen Freeman,nodementia,nodementia/Morgen Freeman/Morgen Freeman_1.wav,Morgen Freeman_1,10,0,0.3989713490009308,0
test,Morgen Freeman,nodementia,nodementia/Morgen Freeman/Morgen Freeman_1.wav,Morgen Freeman_1,11,0,0.4041696786880493,0
test,Morgen Freeman,nodementia,nodementia/Morgen Freeman/Morgen Freeman_1.wav,Morgen Freeman_1,12,0,0.4027771055698395,0
test,Morgen Freeman,nodementia,nodementia/Morgen Freeman/Morgen Freeman_1.wav,Morgen Freeman_1,13,0,0.44161009788513184,0
test,Morgen Freeman,nodementia,nodementia/Morgen Freeman/Morgen Freeman_2.wav,Morgen Freeman_2,1,0,0.3145047724246979,0
test,Morgen Freeman,nodementia,nodementia/Morgen Freeman/Morgen Freeman_2.wav,Morgen Freeman_2,2,0,0.32225966453552246,0
test,Morgen Freeman,nodementia,nodementia/Morgen Freeman/Morgen Freeman_2.wav,Morgen Freeman_2,3,0,0.30694153904914856,0
test,Morgen Freeman,nodementia,nodementia/Morgen Freeman/Morgen Freeman_2.wav,Morgen Freeman_2,4,0,0.320835143327713,0
test,Morgen Freeman,nodementia,nodementia/Morgen Freeman/Morgen Freeman_2.wav,Morgen Freeman_2,5,0,0.32189011573791504,0
test,Morgen Freeman,nodementia,nodementia/Morgen Freeman/Morgen Freeman_2.wav,Morgen Freeman_2,6,0,0.3202435076236725,0
test,Morgen Freeman,nodementia,nodementia/Morgen Freeman/Morgen Freeman_2.wav,Morgen Freeman_2,7,0,0.32599908113479614,0
test,Morgen Freeman,nodementia,nodementia/Morgen Freeman/Morgen Freeman_2.wav,Morgen Freeman_2,8,0,0.319490522146225,0
test,Morgen Freeman,nodementia,nodementia/Morgen Freeman/Morgen Freeman_2.wav,Morgen Freeman_2,9,0,0.32419541478157043,0
test,Morgen Freeman,nodementia,nodementia/Morgen Freeman/Morgen Freeman_2.wav,Morgen Freeman_2,10,0,0.3254331648349762,0
test,Morgen Freeman,nodementia,nodementia/Morgen Freeman/Morgen Freeman_2.wav,Morgen Freeman_2,11,0,0.3165045380592346,0
test,Morgen Freeman,nodementia,nodementia/Morgen Freeman/Morgen Freeman_2.wav,Morgen Freeman_2,12,0,0.30623143911361694,0
test,Morgen Freeman,nodementia,nodementia/Morgen Freeman/Morgen Freeman_2.wav,Morgen Freeman_2,13,0,0.3268611431121826,0
test,Morgen Freeman,nodementia,nodementia/Morgen Freeman/Morgen Freeman_2.wav,Morgen Freeman_2,14,0,0.35353538393974304,0
test,Morgen Freeman,nodementia,nodementia/Morgen Freeman/Morgen Freeman_2.wav,Morgen Freeman_2,15,0,0.3447186350822449,0
test,Morgen Freeman,nodementia,nodementia/Morgen Freeman/Morgen Freeman_2.wav,Morgen Freeman_2,16,0,0.31662845611572266,0
test,Morgen Freeman,nodementia,nodementia/Morgen Freeman/Morgen Freeman_2.wav,Morgen Freeman_2,17,0,0.37817785143852234,0
test,Morgen Freeman,nodementia,nodementia/Morgen Freeman/Morgen Freeman_3.wav,Morgen Freeman_3,1,0,0.45472437143325806,0
test,Morgen Freeman,nodementia,nodementia/Morgen Freeman/Morgen Freeman_3.wav,Morgen Freeman_3,2,0,0.46102216839790344,0
test,Morgen Freeman,nodementia,nodementia/Morgen Freeman/Morgen Freeman_3.wav,Morgen Freeman_3,3,0,0.4705732464790344,0
test,Morgen Freeman,nodementia,nodementia/Morgen Freeman/Morgen Freeman_3.wav,Morgen Freeman_3,4,0,0.44761693477630615,0
test,Morgen Freeman,nodementia,nodementia/Morgen Freeman/Morgen Freeman_3.wav,Morgen Freeman_3,5,0,0.42979374527931213,0
test,Morgen Freeman,nodementia,nodementia/Morgen Freeman/Morgen Freeman_3.wav,Morgen Freeman_3,6,0,0.4314674735069275,0
test,Morgen Freeman,nodementia,nodementia/Morgen Freeman/Morgen Freeman_3.wav,Morgen Freeman_3,7,0,0.4497480094432831,0
test,Morgen Freeman,nodementia,nodementia/Morgen Freeman/Morgen Freeman_3.wav,Morgen Freeman_3,8,0,0.4619394540786743,0
test,Patrick Stewart,nodementia,nodementia/Patrick Stewart/Patrick Stewart_1.wav,Patrick Stewart_1,1,0,0.37784630060195923,0
test,Patrick Stewart,nodementia,nodementia/Patrick Stewart/Patrick Stewart_1.wav,Patrick Stewart_1,2,0,0.37599995732307434,0
test,Patrick Stewart,nodementia,nodementia/Patrick Stewart/Patrick Stewart_1.wav,Patrick Stewart_1,3,0,0.38150492310523987,0
test,Patrick Stewart,nodementia,nodementia/Patrick Stewart/Patrick Stewart_1.wav,Patrick Stewart_1,4,0,0.3880419135093689,0
test,Patrick Stewart,nodementia,nodementia/Patrick Stewart/Patrick Stewart_1.wav,Patrick Stewart_1,5,0,0.4003150463104248,0
test,Patrick Stewart,nodementia,nodementia/Patrick Stewart/Patrick Stewart_1.wav,Patrick Stewart_1,6,0,0.39516913890838623,0
test,Patrick Stewart,nodementia,nodementia/Patrick Stewart/Patrick Stewart_1.wav,Patrick Stewart_1,7,0,0.3827882707118988,0
test,Patrick Stewart,nodementia,nodementia/Patrick Stewart/Patrick Stewart_1.wav,Patrick Stewart_1,8,0,0.3965485990047455,0
test,Patrick Stewart,nodementia,nodementia/Patrick Stewart/Patrick Stewart_1.wav,Patrick Stewart_1,9,0,0.4081762433052063,0
test,Patrick Stewart,nodementia,nodementia/Patrick Stewart/Patrick Stewart_1.wav,Patrick Stewart_1,10,0,0.39990320801734924,0
test,Patrick Stewart,nodementia,nodementia/Patrick Stewart/Patrick Stewart_1.wav,Patrick Stewart_1,11,0,0.3910692632198334,0
test,Patrick Stewart,nodementia,nodementia/Patrick Stewart/Patrick Stewart_1.wav,Patrick Stewart_1,12,0,0.3860817551612854,0
test,Patrick Stewart,nodementia,nodementia/Patrick Stewart/Patrick Stewart_1.wav,Patrick Stewart_1,13,0,0.3914434313774109,0
test,Patrick Stewart,nodementia,nodementia/Patrick Stewart/Patrick Stewart_1.wav,Patrick Stewart_1,14,0,0.3843887448310852,0
test,Patrick Stewart,nodementia,nodementia/Patrick Stewart/Patrick Stewart_1.wav,Patrick Stewart_1,15,0,0.3737213611602783,0
test,Patrick Stewart,nodementia,nodementia/Patrick Stewart/Patrick Stewart_1.wav,Patrick Stewart_1,16,0,0.3755894899368286,0
test,Patrick Stewart,nodementia,nodementia/Patrick Stewart/Patrick Stewart_1.wav,Patrick Stewart_1,17,0,0.3780761957168579,0
test,Patrick Stewart,nodementia,nodementia/Patrick Stewart/Patrick Stewart_1.wav,Patrick Stewart_1,18,0,0.43150344491004944,0
test,Patrick Stewart,nodementia,nodementia/Patrick Stewart/Patrick Stewart_2.wav,Patrick Stewart_2,1,0,0.44936272501945496,0
test,Patrick Stewart,nodementia,nodementia/Patrick Stewart/Patrick Stewart_2.wav,Patrick Stewart_2,2,0,0.40100207924842834,0
test,Patrick Stewart,nodementia,nodementia/Patrick Stewart/Patrick Stewart_2.wav,Patrick Stewart_2,3,0,0.395766019821167,0
test,Patrick Stewart,nodementia,nodementia/Patrick Stewart/Patrick Stewart_2.wav,Patrick Stewart_2,4,0,0.4075029492378235,0
test,Patrick Stewart,nodementia,nodementia/Patrick Stewart/Patrick Stewart_2.wav,Patrick Stewart_2,5,0,0.41137930750846863,0
test,Patrick Stewart,nodementia,nodementia/Patrick Stewart/Patrick Stewart_2.wav,Patrick Stewart_2,6,0,0.4099229872226715,0
test,Patrick Stewart,nodementia,nodementia/Patrick Stewart/Patrick Stewart_2.wav,Patrick Stewart_2,7,0,0.3966977596282959,0
test,Patrick Stewart,nodementia,nodementia/Patrick Stewart/Patrick Stewart_2.wav,Patrick Stewart_2,8,0,0.37622758746147156,0
test,Patrick Stewart,nodementia,nodementia/Patrick Stewart/Patrick Stewart_2.wav,Patrick Stewart_2,9,0,0.39589405059814453,0
test,Patrick Stewart,nodementia,nodementia/Patrick Stewart/Patrick Stewart_2.wav,Patrick Stewart_2,10,0,0.40042075514793396,0
test,Patrick Stewart,nodementia,nodementia/Patrick Stewart/Patrick Stewart_2.wav,Patrick Stewart_2,11,0,0.4124133586883545,0
test,Patrick Stewart,nodementia,nodementia/Patrick Stewart/Patrick Stewart_2.wav,Patrick Stewart_2,12,0,0.41340774297714233,0
test,Patrick Stewart,nodementia,nodementia/Patrick Stewart/Patrick Stewart_2.wav,Patrick Stewart_2,13,0,0.41971060633659363,0
test,Patrick Stewart,nodementia,nodementia/Patrick Stewart/Patrick Stewart_2.wav,Patrick Stewart_2,14,0,0.4715085029602051,0
test,Patrick Stewart,nodementia,nodementia/Patrick Stewart/Patrick Stewart_3.wav,Patrick Stewart_3,1,0,0.43929755687713623,0
test,Patrick Stewart,nodementia,nodementia/Patrick Stewart/Patrick Stewart_3.wav,Patrick Stewart_3,2,0,0.4119735062122345,0
test,Patrick Stewart,nodementia,nodementia/Patrick Stewart/Patrick Stewart_3.wav,Patrick Stewart_3,3,0,0.4308094084262848,0
test,Patrick Stewart,nodementia,nodementia/Patrick Stewart/Patrick Stewart_3.wav,Patrick Stewart_3,4,0,0.526925265789032,1
test,Patrick Stewart,nodementia,nodementia/Patrick Stewart/Patrick Stewart_3.wav,Patrick Stewart_3,5,0,0.5200450420379639,1
test,Patrick Stewart,nodementia,nodementia/Patrick Stewart/Patrick Stewart_3.wav,Patrick Stewart_3,6,0,0.427092581987381,0
test,Patrick Stewart,nodementia,nodementia/Patrick Stewart/Patrick Stewart_3.wav,Patrick Stewart_3,7,0,0.41584596037864685,0
test,Patrick Stewart,nodementia,nodementia/Patrick Stewart/Patrick Stewart_3.wav,Patrick Stewart_3,8,0,0.4429187476634979,0
test,Patrick Stewart,nodementia,nodementia/Patrick Stewart/Patrick Stewart_3.wav,Patrick Stewart_3,9,0,0.45903852581977844,0
test,Patrick Stewart,nodementia,nodementia/Patrick Stewart/Patrick Stewart_3.wav,Patrick Stewart_3,10,0,0.4514380693435669,0
test,Patrick Stewart,nodementia,nodementia/Patrick Stewart/Patrick Stewart_3.wav,Patrick Stewart_3,11,0,0.5274603366851807,1
test,Patrick Stewart,nodementia,nodementia/Patrick Stewart/Patrick Stewart_3.wav,Patrick Stewart_3,12,0,0.5275593400001526,1
test,Patrick Stewart,nodementia,nodementia/Patrick Stewart/Patrick Stewart_3.wav,Patrick Stewart_3,13,0,0.45884379744529724,0
test,Patrick Stewart,nodementia,nodementia/Patrick Stewart/Patrick Stewart_3.wav,Patrick Stewart_3,14,0,0.45108458399772644,0
test,Patrick Stewart,nodementia,nodementia/Patrick Stewart/Patrick Stewart_3.wav,Patrick Stewart_3,15,0,0.444726824760437,0
test,Patrick Stewart,nodementia,nodementia/Patrick Stewart/Patrick Stewart_3.wav,Patrick Stewart_3,16,0,0.4459843635559082,0
test,Patrick Stewart,nodementia,nodementia/Patrick Stewart/Patrick Stewart_3.wav,Patrick Stewart_3,17,0,0.42270925641059875,0
test,Patrick Stewart,nodementia,nodementia/Patrick Stewart/Patrick Stewart_3.wav,Patrick Stewart_3,18,0,0.4374980330467224,0
test,Patrick Stewart,nodementia,nodementia/Patrick Stewart/Patrick Stewart_3.wav,Patrick Stewart_3,19,0,0.4670019745826721,0
test,Raquel Welch,nodementia,nodementia/Raquel Welch/RaquelWelch_1.wav,RaquelWelch_1,1,0,0.5522037744522095,1
test,Raquel Welch,nodementia,nodementia/Raquel Welch/RaquelWelch_1.wav,RaquelWelch_1,2,0,0.5515746474266052,1
test,Raquel Welch,nodementia,nodementia/Raquel Welch/RaquelWelch_1.wav,RaquelWelch_1,3,0,0.5433259606361389,1
test,Raquel Welch,nodementia,nodementia/Raquel Welch/RaquelWelch_1.wav,RaquelWelch_1,4,0,0.5405775308609009,1
test,Raquel Welch,nodementia,nodementia/Raquel Welch/RaquelWelch_1.wav,RaquelWelch_1,5,0,0.5333912968635559,1
test,Raquel Welch,nodementia,nodementia/Raquel Welch/RaquelWelch_1.wav,RaquelWelch_1,6,0,0.49450209736824036,0
test,Raquel Welch,nodementia,nodementia/Raquel Welch/RaquelWelch_2.wav,RaquelWelch_2,1,0,0.4565942585468292,0
test,Raquel Welch,nodementia,nodementia/Raquel Welch/RaquelWelch_2.wav,RaquelWelch_2,2,0,0.4673357605934143,0
test,Raquel Welch,nodementia,nodementia/Raquel Welch/RaquelWelch_2.wav,RaquelWelch_2,3,0,0.4588620662689209,0
test,Raquel Welch,nodementia,nodementia/Raquel Welch/RaquelWelch_2.wav,RaquelWelch_2,4,0,0.4624794125556946,0
test,Raquel Welch,nodementia,nodementia/Raquel Welch/RaquelWelch_2.wav,RaquelWelch_2,5,0,0.4751735329627991,0
test,Raquel Welch,nodementia,nodementia/Raquel Welch/RaquelWelch_2.wav,RaquelWelch_2,6,0,0.47634637355804443,0
test,Raquel Welch,nodementia,nodementia/Raquel Welch/RaquelWelch_3.wav,RaquelWelch_3,1,0,0.5316240191459656,1
test,Raquel Welch,nodementia,nodementia/Raquel Welch/RaquelWelch_3.wav,RaquelWelch_3,2,0,0.5210188627243042,1
test,Raquel Welch,nodementia,nodementia/Raquel Welch/RaquelWelch_3.wav,RaquelWelch_3,3,0,0.5160993337631226,1
test,Raquel Welch,nodementia,nodementia/Raquel Welch/RaquelWelch_3.wav,RaquelWelch_3,4,0,0.5197598338127136,1
test,Raquel Welch,nodementia,nodementia/Raquel Welch/RaquelWelch_3.wav,RaquelWelch_3,5,0,0.5058320164680481,1
test,Raquel Welch,nodementia,nodementia/Raquel Welch/RaquelWelch_3.wav,RaquelWelch_3,6,0,0.48165127635002136,0
test,Terry Gilliam,nodementia,nodementia/Terry Gilliam/TerryGilliam_1.wav,TerryGilliam_1,1,0,0.3905710279941559,0
test,Terry Gilliam,nodementia,nodementia/Terry Gilliam/TerryGilliam_1.wav,TerryGilliam_1,2,0,0.38675951957702637,0
test,Terry Gilliam,nodementia,nodementia/Terry Gilliam/TerryGilliam_1.wav,TerryGilliam_1,3,0,0.3897600769996643,0
test,Terry Gilliam,nodementia,nodementia/Terry Gilliam/TerryGilliam_1.wav,TerryGilliam_1,4,0,0.38546985387802124,0
test,Terry Gilliam,nodementia,nodementia/Terry Gilliam/TerryGilliam_1.wav,TerryGilliam_1,5,0,0.3815913498401642,0
test,Terry Gilliam,nodementia,nodementia/Terry Gilliam/TerryGilliam_1.wav,TerryGilliam_1,6,0,0.39522308111190796,0
test,Terry Gilliam,nodementia,nodementia/Terry Gilliam/TerryGilliam_1.wav,TerryGilliam_1,7,0,0.38672134280204773,0
test,Terry Gilliam,nodementia,nodementia/Terry Gilliam/TerryGilliam_1.wav,TerryGilliam_1,8,0,0.37191060185432434,0
test,Terry Gilliam,nodementia,nodementia/Terry Gilliam/TerryGilliam_1.wav,TerryGilliam_1,9,0,0.38023680448532104,0
test,Terry Gilliam,nodementia,nodementia/Terry Gilliam/TerryGilliam_1.wav,TerryGilliam_1,10,0,0.38734301924705505,0
test,Terry Gilliam,nodementia,nodementia/Terry Gilliam/TerryGilliam_1.wav,TerryGilliam_1,11,0,0.3832075893878937,0
test,Terry Gilliam,nodementia,nodementia/Terry Gilliam/TerryGilliam_1.wav,TerryGilliam_1,12,0,0.37733927369117737,0
test,Terry Gilliam,nodementia,nodementia/Terry Gilliam/TerryGilliam_1.wav,TerryGilliam_1,13,0,0.3859723210334778,0
test,Terry Gilliam,nodementia,nodementia/Terry Gilliam/TerryGilliam_1.wav,TerryGilliam_1,14,0,0.3989122807979584,0
test,Terry Gilliam,nodementia,nodementia/Terry Gilliam/TerryGilliam_1.wav,TerryGilliam_1,15,0,0.3849581778049469,0
test,Terry Gilliam,nodementia,nodementia/Terry Gilliam/TerryGilliam_1.wav,TerryGilliam_1,16,0,0.368694543838501,0
test,Terry Gilliam,nodementia,nodementia/Terry Gilliam/TerryGilliam_1.wav,TerryGilliam_1,17,0,0.3981359302997589,0
test,Terry Gilliam,nodementia,nodementia/Terry Gilliam/TerryGilliam_1.wav,TerryGilliam_1,18,0,0.4542103707790375,0
test,Terry Gilliam,nodementia,nodementia/Terry Gilliam/TerryGilliam_2.wav,TerryGilliam_2,1,0,0.48410072922706604,0
test,Terry Gilliam,nodementia,nodementia/Terry Gilliam/TerryGilliam_2.wav,TerryGilliam_2,2,0,0.4852999746799469,0
test,Terry Gilliam,nodementia,nodementia/Terry Gilliam/TerryGilliam_2.wav,TerryGilliam_2,3,0,0.46107831597328186,0
test,Terry Gilliam,nodementia,nodementia/Terry Gilliam/TerryGilliam_2.wav,TerryGilliam_2,4,0,0.41450729966163635,0
test,Terry Gilliam,nodementia,nodementia/Terry Gilliam/TerryGilliam_2.wav,TerryGilliam_2,5,0,0.39775964617729187,0
test,Terry Gilliam,nodementia,nodementia/Terry Gilliam/TerryGilliam_2.wav,TerryGilliam_2,6,0,0.39144209027290344,0
test,Terry Gilliam,nodementia,nodementia/Terry Gilliam/TerryGilliam_2.wav,TerryGilliam_2,7,0,0.4013388454914093,0
test,Terry Gilliam,nodementia,nodementia/Terry Gilliam/TerryGilliam_2.wav,TerryGilliam_2,8,0,0.41118717193603516,0
test,Terry Gilliam,nodementia,nodementia/Terry Gilliam/TerryGilliam_2.wav,TerryGilliam_2,9,0,0.40998148918151855,0
test,Terry Gilliam,nodementia,nodementia/Terry Gilliam/TerryGilliam_2.wav,TerryGilliam_2,10,0,0.40219274163246155,0
test,Terry Gilliam,nodementia,nodementia/Terry Gilliam/TerryGilliam_2.wav,TerryGilliam_2,11,0,0.41288402676582336,0
test,Terry Gilliam,nodementia,nodementia/Terry Gilliam/TerryGilliam_2.wav,TerryGilliam_2,12,0,0.45612406730651855,0
test,Terry Gilliam,nodementia,nodementia/Terry Gilliam/TerryGilliam_3.wav,TerryGilliam_3,1,0,0.41455399990081787,0
test,Terry Gilliam,nodementia,nodementia/Terry Gilliam/TerryGilliam_3.wav,TerryGilliam_3,2,0,0.3977697789669037,0
test,Terry Gilliam,nodementia,nodementia/Terry Gilliam/TerryGilliam_3.wav,TerryGilliam_3,3,0,0.391425758600235,0
test,Terry Gilliam,nodementia,nodementia/Terry Gilliam/TerryGilliam_3.wav,TerryGilliam_3,4,0,0.401363343000412,0
test,Terry Gilliam,nodementia,nodementia/Terry Gilliam/TerryGilliam_3.wav,TerryGilliam_3,5,0,0.4112192690372467,0
test,Terry Gilliam,nodementia,nodementia/Terry Gilliam/TerryGilliam_3.wav,TerryGilliam_3,6,0,0.4099697768688202,0
test,Terry Gilliam,nodementia,nodementia/Terry Gilliam/TerryGilliam_3.wav,TerryGilliam_3,7,0,0.40221571922302246,0
test,Terry Gilliam,nodementia,nodementia/Terry Gilliam/TerryGilliam_3.wav,TerryGilliam_3,8,0,0.39558911323547363,0
test,Terry Gilliam,nodementia,nodementia/Terry Gilliam/TerryGilliam_3.wav,TerryGilliam_3,9,0,0.3944317102432251,0
test,Terry Gilliam,nodementia,nodementia/Terry Gilliam/TerryGilliam_3.wav,TerryGilliam_3,10,0,0.39699625968933105,0
test,Terry Gilliam,nodementia,nodementia/Terry Gilliam/TerryGilliam_3.wav,TerryGilliam_3,11,0,0.39718732237815857,0
test,Terry Gilliam,nodementia,nodementia/Terry Gilliam/TerryGilliam_3.wav,TerryGilliam_3,12,0,0.38070976734161377,0
test,Terry Gilliam,nodementia,nodementia/Terry Gilliam/TerryGilliam_3.wav,TerryGilliam_3,13,0,0.37184298038482666,0
test,Terry Gilliam,nodementia,nodementia/Terry Gilliam/TerryGilliam_3.wav,TerryGilliam_3,14,0,0.38327282667160034,0
test,Terry Gilliam,nodementia,nodementia/Terry Gilliam/TerryGilliam_3.wav,TerryGilliam_3,15,0,0.3945986330509186,0
test,Terry Gilliam,nodementia,nodementia/Terry Gilliam/TerryGilliam_3.wav,TerryGilliam_3,16,0,0.39063504338264465,0
test,Terry Gilliam,nodementia,nodementia/Terry Gilliam/TerryGilliam_3.wav,TerryGilliam_3,17,0,0.41351839900016785,0
test,Terry Gilliam,nodementia,nodementia/Terry Gilliam/TerryGilliam_3.wav,TerryGilliam_3,18,0,0.4580025374889374,0
