person_id,true_label,mean_probability,number_of_recordings,prediction
Aileen Hernandez,1,0.45508574332903934,3,0
Antony Flew,1,0.4303023140739512,3,0
B B King,1,0.4072426925930712,3,0
Bill Buckner,1,0.4784788155445346,3,0
David Prowse,1,0.39374017597813354,3,0
Gale Sayers,1,0.5165662421852463,3,1
George Klein,1,0.45712741744569224,3,0
Harry Belafonte,0,0.36690097617263656,3,0
Jesse Helms,1,0.43623180480466944,3,0
Jim Neidhart,1,0.5008810002494741,3,1
Joe Pesci,0,0.45577458796047027,3,0
Kirk Douglas,0,0.44827876325346466,3,0
Maurice Hinchey,1,0.4447725368318734,3,0
Mel brooks,0,0.45872699433848974,3,0
Morgen Freeman,0,0.395369353938741,3,0
Patrick Stewart,0,0.41991425217011286,3,0
Peter Max,1,0.45216396525502206,2,0
Raquel Welch,0,0.5049084474643072,3,1
Richard Gwyn,1,0.3956759724051061,2,0
Ronan O_Rahilly,1,0.39461867378817667,2,0
Terry Gilliam,0,0.4056326666915859,3,0
