file_path,class,sha256,possible_speaker_id,source
dementia/Abe Burrows/AbeBurrows_5.wav,dementia,8c440ec39ec726cb956abfcb1867809f313ccd7ef1b6bab0f11c3cc4b676aefb,Abe Burrows,cleaned
dementia/Aileen Hernandez/aileenhernandez_0.wav,dementia,d426be385c9866f786ecc9f94d66c24233f0c67ad87f54d9c2c57354f610fe0a,Aileen Hernandez,cleaned
dementia/Aileen Hernandez/aileenhernandez_5_1.wav,dementia,b2865416ea4f911a1e41527752ab6b2f3196c6d3495d15dc1957a597682b751e,Aileen Hernandez,cleaned
dementia/Aileen Hernandez/aileenhernandez_5_2.wav,dementia,d0fc8555bf50ecf5e4a6655eaa3445fd59061c4bb91d321c5870a218de5e0086,Aileen Hernandez,cleaned
dementia/Alan Ramsey/alanramsey_10.wav,dementia,d8eabfbdbbfda97975a56f712c5847971cca8e11e095d2aa448b7f20dccc1961,Alan Ramsey,cleaned
dementia/Allan Burns/AllanBurns_5.wav,dementia,f1271b0c1f97dc5718f8cc4952db805d78c676e670f4ab3f0822d04db4329dc5,Allan Burns,cleaned
dementia/Andrew Sachs/andrewsachs_10.wav,dementia,bead384d9c128b5c84c62d63755bdd6fb2abe36764718ce954382a002133f77c,Andrew Sachs,cleaned
dementia/Andrew Sachs/andrewsachs_15.wav,dementia,21a5bef0200638d538406b9157ee5e3200cfe4315b370b927a25de2c2f010bf9,Andrew Sachs,cleaned
dementia/Annette Michelson/annettemichelson_15.wav,dementia,3e74d1a5e32dd3706939c472ebe5e32df594e2ad41f673ae9c2f13c7a7e70943,Annette Michelson,cleaned
dementia/Antony Flew/antonyflew_10.wav,dementia,f216e1b4ac2347a0cc8196715057c472b87d0b814b603a8bdc02b7ada02d54a9,Antony Flew,cleaned
dementia/Antony Flew/antonyflew_5_1.wav,dementia,4bf6597185552090045991869707c847f4eebbb7aaba1a8151ba2320c352326d,Antony Flew,cleaned
dementia/Antony Flew/antonyflew_5_2.wav,dementia,a9f3a3bc2f3e5e16b65a04aaf66c03094968cadfbb38e60dbfa971e23226005e,Antony Flew,cleaned
dementia/B B King/bbking_0.wav,dementia,12fa01eef2a1c823eba943888b26e273d5636a0bcae17b4e6c252efadd30cd9b,B B King,cleaned
dementia/B B King/bbking_10.wav,dementia,0730fddd1c67a709654cacf034440cd47630ed73426bb84cb35547042119a2b4,B B King,cleaned
dementia/B B King/bbking_15.wav,dementia,b72849b101272cce226180446a158b943664355f9f4a0c516cbb05c73591091c,B B King,cleaned
dementia/Barry Cohen/BarryCohen_5.wav,dementia,c181bafc4246100fbbbe52e18f1c96ae3b86cb6274b1e2b0563c4a03935bb8c7,Barry Cohen,cleaned
dementia/Ben Bradlee/BenBradlee_15.wav,dementia,c72d0faee8749114ab84043770f8300e9c89de558c08701936ae69ba79e2b714,Ben Bradlee,cleaned
dementia/Ben Bradlee/BenBradlee_5.wav,dementia,11a78a694acfd12cc83e09aef7556f132ed8d48d3c7aedc0d7d0df8f7033af96,Ben Bradlee,cleaned
dementia/Bill Buckner/BillBuckner_10.wav,dementia,a827ddd1101d368b0b9f434148f149c2706f969eb11e65800d16443a871623d7,Bill Buckner,cleaned
dementia/Bill Buckner/BillBuckner_15.wav,dementia,6557021b564fff61d83b1ecf7ee23274a429bd22d4c7340a8a2b900df8964a23,Bill Buckner,cleaned
dementia/Bill Buckner/BillBuckner_5.wav,dementia,8f0bcdf0a45eae7139bdf43637f4a778afef081c5936f0ca0ac0cdbe9075a85e,Bill Buckner,cleaned
dementia/Bobby Womack/BobbyWomack_0.wav,dementia,428d1480f048df586e0ccdf5d2cf8ae428fea5241d34deed663c13340a2d606a,Bobby Womack,cleaned
dementia/Casey Kasem/CaseyKasem_15.wav,dementia,e2946a2d1fba5acae7fd0344f74920faebff71d4fc6875fade041d3fbb67f7d7,Casey Kasem,cleaned
dementia/Casey Kasem/CaseyKasem_5.wav,dementia,d3c823fd67f3941aeacf2149f76b5d0eb94d1b938583ddedeb4a277efdeb07aa,Casey Kasem,cleaned
dementia/Charles Bronson/CharlesBronson_10.wav,dementia,c95c22ba58eafad17d4d1f3b887edf7e29518797a0666c527bac3dcd58825450,Charles Bronson,cleaned
dementia/Charles Bronson/CharlesBronson_15.wav,dementia,0e7caea9313bf5a275b6e305af16775db04ecf6a5eb88e19b9c8c40fe60caeb5,Charles Bronson,cleaned
dementia/Charles K Kao/CharlesKKao_0.wav,dementia,e3a925f709352c77b8a78ea9aa4b02940354cdf57a318b1f10245ee86fc0d72f,Charles K Kao,cleaned
dementia/Charmian Carr/CharmianCarr_15.wav,dementia,702040bf98f307f443c93e3d701cd52978e8707cf4f16d39d03adeb7770d8868,Charmian Carr,cleaned
dementia/Charmian Carr/CharmianCarr_5.wav,dementia,359e8b7d1a0abd5c37f1b60eb078fdc20dc04b373405511e4f8253b0d96dade3,Charmian Carr,cleaned
dementia/Dan Ingram/daningram_15.wav,dementia,614c44b6a3d057f28073107467a0402acb2e59b91d7db728014c19a64374ae27,Dan Ingram,cleaned
dementia/David Milch/DavidMilch_10.wav,dementia,7aff14c35e2f809f2d3a868148f4b2d8ac7a461fb2722ab0d6980b27fee234ad,David Milch,cleaned
dementia/David Milch/DavidMilch_15.wav,dementia,3016c4305192b9bfbe47607fbfd20378ca25d94ca4327926048bdf4b8d407c2a,David Milch,cleaned
dementia/David Prowse/DavidProwse_0.wav,dementia,75ecc8c5375e51f37294e4eb4c1b60d8a7eeb54cdeacb4ce73d81a4ef86d1492,David Prowse,cleaned
dementia/David Prowse/DavidProwse_10.wav,dementia,0991a4280ecf5e148313887eb65dd5b25267556974506758bdf00f820abee3e9,David Prowse,cleaned
dementia/David Prowse/DavidProwse_5.wav,dementia,3b25405e58d39a9420665c77a9603d7f6cacd167ee9e566c0d3f4dc166f67b0e,David Prowse,cleaned
dementia/Dennis Moore/DennisMoore_5.wav,dementia,f1ed3d720837df7864a18848d15f40f9aff3bfcf46337232ff44656d21594e7f,Dennis Moore,cleaned
dementia/Don Lane/DonLane_0.wav,dementia,f81fc6f3dd3484f1450b50c04f8917e5873e8f35fd55096e89ec80b6614b39f9,Don Lane,cleaned
dementia/Donald Sterling/DonaldSterling_5.wav,dementia,1314e88629a7456692539a4938258e639a1f63ced1e5e16b70cc7470e4a81796,Donald Sterling,cleaned
dementia/Emile Griffith/emilegriffith_5.wav,dementia,4d1ee3594231ae9165650c33414b25f489bfb7db9f9f5c6d2a1a10e6ece87749,Emile Griffith,cleaned
dementia/Ernie Sigley/ErnieSigley_15.wav,dementia,578c783befc5f683d76ff552c561d62aaeada66d7483ba9059ef22c921825434,Ernie Sigley,cleaned
dementia/Estelle Getty/EstelleGetty_15.wav,dementia,3aa0f6e3b4f43e21262d170433ffd8288ecb098bae25f1a08ad943654c48fa7d,Estelle Getty,cleaned
dementia/Evelyn Keyes/EvelynKeyes_0.wav,dementia,a0d57746b98918c00efd27054a2bc6f05550b0e4d9183d198abe6ebddd6cc752,Evelyn Keyes,cleaned
dementia/Evelyn Keyes/EvelynKeyes_10.wav,dementia,15bf3e44f0eb821bd4a0fe80052d7d8907c6e2cab8fc5a10ec823bced37c0331,Evelyn Keyes,cleaned
dementia/Gale Sayers/galesayers_0.wav,dementia,a961315a65eb99a50b8ebdad0c49693a304761f2b1a88e377fe3d7ae7381b763,Gale Sayers,cleaned
dementia/Gale Sayers/galesayers_5_1.wav,dementia,10bf87aafcc52bdad7ee065f3f9dc594e62b49d8fefdc2468cb581d6bf419c56,Gale Sayers,cleaned
dementia/Gale Sayers/galesayers_5_2.wav,dementia,fb9469f4135561750540b90427fef0fbd48421839a7addbb8d8498bfe60ba883,Gale Sayers,cleaned
dementia/George Klein/georgeklein_5_1.wav,dementia,4389b0212ff6c4ad50e827fe165e8f824ff2199536c6154f7d9e59ef45ae793b,George Klein,cleaned
dementia/George Klein/georgeklein_5_2.wav,dementia,eb1b5a509793cba53c425da838a06dd2a72e4007b698cf22f4500e55b3e14964,George Klein,cleaned
dementia/George Klein/georgeklein_5_3.wav,dementia,d46b4f0ff6b5398b5a8a4c720bce593780c329a0ef53d1df8020b178b35a3c19,George Klein,cleaned
dementia/George Robb/georgerobb_10.wav,dementia,934ffb37cae546178364e0d6db5fe31ccff9fe26f00ebd923d5319964bf91fb4,George Robb,cleaned
dementia/Greg Fingers Taylor/GregFingersTaylor_10.wav,dementia,15cab6e7ed058464aba91fdb4a13cfd4865db87aeaadc7488f99ad91afc9d436,Greg Fingers Taylor,cleaned
dementia/Ian Holm/IanHolm_2.wav,dementia,ad0a69a8c06b754c967c5a845ee1a4c23ea09da77d35030bcf4202be0986ed38,Ian Holm,cleaned
dementia/Ian McCaskill/ianmccaskill_15.wav,dementia,1c680872d0060496b8a19394cec3ec3a0f36082ff4cc2217a76fa44ec2f58bd6,Ian McCaskill,cleaned
dementia/Iris Murdoch/IrisMurdoch_10.wav,dementia,1af125638fc629533b838411466e376acc9afc89b841399fc14dc94e0ef4f6af,Iris Murdoch,cleaned
dementia/Iris Murdoch/IrisMurdoch_5.wav,dementia,91ac27690c0ff150c9e7976e59fc1afe61f3c62b84fb5e6b0043cd5053c31ef1,Iris Murdoch,cleaned
dementia/Jack Hanna/JackHanna_10.wav,dementia,c79c3ca4fdc319027fa1212cf59938eb37fab9a1cafe3515327baee46efcbd85,Jack Hanna,cleaned
dementia/Jack Hanna/JackHanna_15.wav,dementia,48e2c51001c619a4c07a15b1ebe050511cb928bc591c868377588cf23ccf81ca,Jack Hanna,cleaned
dementia/Jack Webster/JackWebster_10.wav,dementia,527f877a711a13c4f7e2facbd7bfe3dd2f9b53f93eef8f4b4c7f12c18563e949,Jack Webster,cleaned
dementia/Jack Webster/JackWebster_5.wav,dementia,53c8b1ead862c3466bbce10647e71f6b79a46fd8a8b75ca9fd697c99188b4c84,Jack Webster,cleaned
dementia/James Stewart/JamesStewart_5.wav,dementia,b52f7867d7d6aad3a273f83669b51fccc028ec4c0279c4c05a8f1948ddb8ba0c,James Stewart,cleaned
dementia/Jeanne Little/JeanneLittle_10.wav,dementia,ba0391316f6b0fa592feed74d68bc06a1a73b63cf47e21f6819d72b8a9d6f6d1,Jeanne Little,cleaned
dementia/Jesse Helms/jessehelms_0.wav,dementia,2b3c1cec3e8a68fee39538228c529e402a718eb51f6baf9af2135e4a0ef575c7,Jesse Helms,cleaned
dementia/Jesse Helms/jessehelms_5_1.wav,dementia,c881f4cc93e0dc7bf8acc63e6bba3ece5505e59b5ab7a1102f4bc8b593b1ad84,Jesse Helms,cleaned
dementia/Jesse Helms/jessehelms_5_2.wav,dementia,ad125fa64cdf372315fe51d0f4f871ac7ea7417ecc14f16796ff21b872191eb8,Jesse Helms,cleaned
dementia/Jessejackson/Jessejackson_0.wav,dementia,112d267e20c37e0a7d15810dc60f3927a23a8d78eaa1cf31627b59f287532d99,Jessejackson,cleaned
dementia/Jim McLean/jimmclean_10.wav,dementia,ec5788d3747e78dd3df08e459582c57d2f4618dc66cf8e42e30a185e464ef415,Jim McLean,cleaned
dementia/Jim Neidhart/JimNeidhart_0.wav,dementia,88e96a62841818127c64f25acb4c8ec7934a1f08af6f7aa3b4713850838a261e,Jim Neidhart,cleaned
dementia/Jim Neidhart/JimNeidhart_10.wav,dementia,77bda9bd7395a0e077bd3430da58dcc8e8e32dd64c62d5c0d45fe6843efdb188,Jim Neidhart,cleaned
dementia/Jim Neidhart/JimNeidhart_15.wav,dementia,3ddbf402a0c00e2d9c5e9cb06981f7ffe14d2ce140489f011d0160e789123496,Jim Neidhart,cleaned
dementia/Jimmy Calderwood/JimmyCalderwood_5.wav,dementia,dd9e52b609516ce4a4733d69f8991310ba6c7e054c78344a64601fb56c354279,Jimmy Calderwood,cleaned
dementia/Jimmy Fratianno/JimmyFratianno_0.wav,dementia,e02f471d08edca1cb45e4c38ad2fd91a171b9cb0a6ae844296b74d73c3ae4ead,Jimmy Fratianno,cleaned
dementia/Joe Conley/JoeConley_0.wav,dementia,9dc18714e628bdfdb8fb266d8c729653f83566cb78f67f0faf2abb67e7187567,Joe Conley,cleaned
dementia/John Mackey/johnmackey_15_1.wav,dementia,06eac95635a47ab7653a0dc4192b43b1d969bfe2a6b4a625d34e73ed39639a43,John Mackey,cleaned
dementia/John Mackey/johnmackey_15_2.wav,dementia,6b3467d6c3872329b57ccaeda4bee5ee783f92af71f39973c59bfc6df4f6d6f3,John Mackey,cleaned
dementia/Jonathan Miller/JonathanMiller_5.wav,dementia,3331b6383cc702edc3514e72b8ac1c4e271f7be4d829be6a6ab55e38e9e6209e,Jonathan Miller,cleaned
dementia/Leon Redbone/leonredbone_15.wav,dementia,b1dca5ab5c39f1832a6445c67cd34731998fac66dac4750fd3e9976206bfa5f3,Leon Redbone,cleaned
dementia/Lerone Bennett Jr/LeroneBennettJr_10.wav,dementia,4ef15805c59243a3176272f8c5ef77afcda82f95fc51ec453f77a4873fd20070,Lerone Bennett Jr,cleaned
dementia/Maureen Forrester/maureenforrester_5.wav,dementia,cb1e659bafa9a42b56353368c929aeb8bc5c294dce82c2d405cb6c45d7f9448c,Maureen Forrester,cleaned
dementia/Maurice Hinchey/mauricehinchey_0_1.wav,dementia,79445bf1f109c6aebc3e24e6a79bc01494cc577679f0b438fa8334b0f31cd721,Maurice Hinchey,cleaned
dementia/Maurice Hinchey/mauricehinchey_0_2.wav,dementia,3c8b2ec4e699340b6453ce19ea7e3610e93a44b0a41325c569e0c3a80975dbf2,Maurice Hinchey,cleaned
dementia/Maurice Hinchey/mauricehinchey_5.wav,dementia,ee715b47e3f97e48fc2435fc006d58cde0d161ed580d8598e39b630bed7e07ac,Maurice Hinchey,cleaned
dementia/Omar Sharif/OmarSharif_0.wav,dementia,4f28345423e891cc661d6f1f95b40d88eb1063d7620d500e928e4c2b09d01877,Omar Sharif,cleaned
dementia/Omar Sharif/OmarSharif_10.wav,dementia,cdb01c764cf31e302813c962b0d4c51342ac94f6697407d8079cef84757fd088,Omar Sharif,cleaned
dementia/Otis Chandler/OtisChandler_5.wav,dementia,42c38a0f6b6c335611bd80a88c5726fa38c96fa2e036b4139d6eebc1aa94cbcd,Otis Chandler,cleaned
dementia/Pat Pariseau/patpariseau_10_1.wav,dementia,27314d38fd8527bdf7b05a935fc51b5ab20ca22516c09656f21592c66b447250,Pat Pariseau,cleaned
dementia/Pat Pariseau/patpariseau_10_2.wav,dementia,4007b6d2e41024835ff63e62b2f6246593853271980633d3b4faa2b35cb6561b,Pat Pariseau,cleaned
dementia/Paul Hornung/paulhornung_0.wav,dementia,52aaba929a42a0ef996fdebfec734b8194f1879a33a320233a2d7d46536a7664,Paul Hornung,cleaned
dementia/Paul Hornung/paulhornung_10.wav,dementia,1de86cdde5170ece0984679b708ac777251e76f25ed8fb012e9abe646468c10f,Paul Hornung,cleaned
dementia/Pauline Phillips/PaulinePhillips_10.wav,dementia,ddf252fb34d2280ebec8fa39c70d922f3e82dd54793e64fc76d0cd661968ec25,Pauline Phillips,cleaned
dementia/Peter Falk/PeterFalk_10.wav,dementia,b9fd03415f614c89a0b0e1352b5c387acfb75e719df434a589a977d486eafd53,Peter Falk,cleaned
dementia/Peter Falk/PeterFalk_15.wav,dementia,6f68ab4b0bd160375ecc3531ecfd644b36e4f2dd7fee0a0a57eb828d21574f39,Peter Falk,cleaned
dementia/Peter Max/PeterMax_10.wav,dementia,83f373859342a8a87a616eb9c2215dc229896fedeaed21a805a2190a9b9f46af,Peter Max,cleaned
dementia/Peter Max/PeterMax_15.wav,dementia,a6674ed6ed19ac1e777370da39e934a335cfc86e8f51c3d270f78b2c834817d3,Peter Max,cleaned
dementia/Peter Reveen/peterreveen_15.wav,dementia,8a565e2ab4ad925ceb7ebc4a18fe7ed5b978a1adaeb930c93d7a29d9885566b5,Peter Reveen,cleaned
dementia/Ralph Klein/ralphklein_5_1.wav,dementia,9a1724f7339fe0eae6b268f09656524ca88dafbe286998554900570fccf11c28,Ralph Klein,cleaned
dementia/Ralph Klein/ralphklein_5_2.wav,dementia,ba15564ba3f133d8dc126551d6ec4cff32363c47ee355d4d2c65d21554ccb5af,Ralph Klein,cleaned
dementia/Ray Dolby/RayDolby_0.wav,dementia,11e336d79df2f8ffbdd0ce92f90d0f657f3a68c57cb3b48ba4ad416e3ac9479d,Ray Dolby,cleaned
dementia/Ray Dolby/RayDolby_10.wav,dementia,16696eec942f9584aa1a38fdcb57c0628825de74c02502d516ced73a22591c98,Ray Dolby,cleaned
dementia/Ray Galton/RayGalton_5.wav,dementia,3ffd32199763f33b10a04e21d9cfb1f13885760a8775c56e7de44e63c908c416,Ray Galton,cleaned
dementia/Richard Gwyn/RichardGwyn_0.wav,dementia,b78a1db38d6d36eadbc18e20ae62ead24189ffbe8f5d5b24e97b1f6918fd40c9,Richard Gwyn,cleaned
dementia/Richard Gwyn/RichardGwyn_5.wav,dementia,15ccf75f6cdbede5c1918cea3ea6b2a39026a8855f5f0a57dd69b61aec1cd330,Richard Gwyn,cleaned
dementia/Robert Anderson/RobertAnderson_10.wav,dementia,d0197845f238a40662785cf772192d807fef45300ebfcf33ec0f7b0fc896c8fa,Robert Anderson,cleaned
dementia/Robin Williams/RobinWilliams_0.wav,dementia,3e49e7fa96b9b858d021aaeea4a2140379aeb1b6896bb19449c92c1472ed4692,Robin Williams,cleaned
dementia/Ronald Reagan/RonaldReagan_10.wav,dementia,07da35dcb47fb9611361b6cf2d69b9ad750bccb5b0bd5254190cc533f4401b33,Ronald Reagan,cleaned
dementia/Ronald Reagan/RonaldReagan_5.wav,dementia,63af17b8a20296d72a2a864ba6388c45db68462add05f3d05b36c0e8f4057b42,Ronald Reagan,cleaned
dementia/Ronan O_Rahilly/ronano_rahilly_15_1.wav,dementia,9e9544aa2dbc537acbd5e3371ed02edfdf4ace5e7b72cba618c9ee597fc1306a,Ronan O_Rahilly,cleaned
dementia/Ronan O_Rahilly/ronano_rahilly_15_2.wav,dementia,9ce24f20803e15ff497f665310dc86496191169610013dc27efb75c4a5854ce9,Ronan O_Rahilly,cleaned
dementia/Ross Mac Donald/RossMacDonald_10.wav,dementia,d1f61190cdef1342545e08876b449e9436e65cc3fc823a39427e5317b1d6c7dc,Ross Mac Donald,cleaned
dementia/Sparky Anderson/SparkyAnderson_0.wav,dementia,65d3fa7f0d9710308bad153608b83b8e3818f032953ccf774d90932f88b1b9d6,Sparky Anderson,cleaned
dementia/Stan Bowles/StanBowles_5.wav,dementia,753ae73ff27ae46dee8e451d8958a3cfdcc04c196a9a5d2bc4a8e706e00bdcf1,Stan Bowles,cleaned
dementia/Stella Stevens/StellaStevens_15.wav,dementia,3941a0f06e08ae92418d5b4a18b2055aaf2024ea159cde876f7fd65a8344b0f5,Stella Stevens,cleaned
dementia/Steve Lawrence/SteveLawrence_15.wav,dementia,b8783c8ed1486b8943ca42195f713a94fc5dca3b9661038172bce916e8d2038e,Steve Lawrence,cleaned
dementia/Ted Turner/TedTurner_0.wav,dementia,04431c61bf6d6edf249f43738b2db8f2ef5ddb883bbe9df0eff32e9324d52e0b,Ted Turner,cleaned
dementia/Ted Turner/TedTurner_5.wav,dementia,6f0d0815bcea314cd239873e5c6278aa7354cc27dd73c737ee192d28017f8020,Ted Turner,cleaned
dementia/Teresa Gorman/TeresaGorman_10.wav,dementia,8cbd7f99abdef35fb18125a08f84d34da62a2ee1676c89c80c0b0c99444870d3,Teresa Gorman,cleaned
dementia/Terry Jones/terryjones_5.wav,dementia,7382b8315daa43a7eab15bcd058001e06d889b57204037d282b4719e3c3118ac,Terry Jones,cleaned
dementia/Terry Pratchett/TerryPratchett_0.wav,dementia,965304dbef27b3a9f89144e492ab23da5b6f0916fd38fc8088e0a238575b6d41,Terry Pratchett,cleaned
dementia/Terry Pratchett/TerryPratchett_5.wav,dementia,c4d97515010fcbbd6696664b4106cd85d06566f0f880a0843c7a33c960e9d348,Terry Pratchett,cleaned
dementia/Thomas Dorsey/thomasdorsey_0.wav,dementia,56ed0d03be228b8af93f7986cd02f0b50d8e9642143796b7b88011fa4468f390,Thomas Dorsey,cleaned
dementia/Tim Conway/TimConway_10.wav,dementia,dca7832487a02c2ac6acf30615b970916bc0ac97b4a03dfed9888f07975d28a4,Tim Conway,cleaned
dementia/Tim Conway/TimConway_5.wav,dementia,4690dec376a4d4a3aa75da3e371364d1f96cf20154e036cc6602806ac5f9911e,Tim Conway,cleaned
dementia/Tony Bennett/TonyBennett_0.wav,dementia,fab5eab34e9295942e05dbe0dc1141c146882495b82e791e8440723ac2038686,Tony Bennett,cleaned
dementia/Tony Bennett/TonyBennett_15.wav,dementia,4b84f7c63e9247c72d1baa7ec2a2be8017391461f6174590c348eb26ddf73884,Tony Bennett,cleaned
dementia/Tony Parkes/TonyParkes_10.wav,dementia,823bd5d103999836d293d94e8ef196b922916b0e24918f3bb628157daee820ac,Tony Parkes,cleaned
dementia/Tony Parkes/TonyParkes_5.wav,dementia,88f359eb805be24abc04af08dd86d9a2db4a497a74ff341a4cb2ae591a3f12b6,Tony Parkes,cleaned
dementia/Trevor Peacock/TrevorPeacock_5.wav,dementia,706b4e035079cf3d52f69f12591be592387dcb522bb6894ae6e595543dc99389,Trevor Peacock,cleaned
dementia/Unita Blackwell/UnitaBlackwell_15.wav,dementia,bcd0c9e14ce3c07f0fe24cb870a147c0392585a82d649351adcde37c518f919f,Unita Blackwell,cleaned
dementia/Vampiro/Vampiro_0.wav,dementia,9873ccd81ab2437bd5559ed9e746c71e53abf913c5f7d30e9b5c9087e8af2262,Vampiro,cleaned
dementia/Vampiro/Vampiro_5.wav,dementia,ef8fcce2a7481be08de4f6a15acffa8e158b56702a5925adef4ed7bc9c96a6bc,Vampiro,cleaned
dementia/Viv Nicholson/vivnicholson_5.wav,dementia,8658e15ddcd2cf3cb7322d7dcef307786f80295e7521e19f68142fa906960188,Viv Nicholson,cleaned
dementia/Woody Durham/woodydurham_0_2.wav,dementia,7699e8943803fe5097cc6a7b3a502ad5a090fc4278074032b9f410e90b8ec67a,Woody Durham,cleaned
nodementia/Angela Lansbury/Angela Lansbury_3.wav,nodementia,2a15db1f32b2a8e67da7e482c30db15cceb2ebf5f6fb2d8861ac25a0f1666b04,Angela Lansbury,cleaned
nodementia/Barbra Streisand/BarbraStreisand_1.wav,nodementia,abea5643d2683b2fa561ee007f8f49c2ca6b3318446fe6b9dfa16519c710082f,Barbra Streisand,cleaned
nodementia/Barry Levinson/BarryLevinson_1.wav,nodementia,2bb159603295ff4776e199cdf7ef49a181f4a596b3e13b7a54d4f64ee7e83920,Barry Levinson,cleaned
nodementia/Barry Levinson/BarryLevinson_2.wav,nodementia,65f787681161e4c9296d47a5616088c1abb4770a21f1cd4faa521518b124c905,Barry Levinson,cleaned
nodementia/Barry Levinson/BarryLevinson_3.wav,nodementia,0eccec2f1192b993bb4f1961224cd40e0988f2950b0fa3b0e739bedc6ee3a59a,Barry Levinson,cleaned
nodementia/Bernie Sanders/BernieSanders_3.wav,nodementia,5af7ec41cc3225f84d135a3990b8fb0d92724da700cfccaf1fda9beee22c21cb,Bernie Sanders,cleaned
nodementia/Bill Cosby/BillCosby_1.wav,nodementia,aace709154a8e81249845094b9e66f3c5bdd2174b84101b0b5d3fb89c31afd3c,Bill Cosby,cleaned
nodementia/Bill Wyman/BillWyman_1.wav,nodementia,20e54ceff884e8c771add8fbd895b633d9e2acfc4d0957704e515228ff56c26a,Bill Wyman,cleaned
nodementia/Bill Wyman/BillWyman_3.wav,nodementia,50edd39ae2475e5582d121d5d55013a253b1cf46ab071a9def74edccb7984e92,Bill Wyman,cleaned
nodementia/Charlie Watts/CharlieWatts_1.wav,nodementia,1784ce5c0380ce60187a2323ecf400d52a73646f3eed6979c747e5b7a49fb205,Charlie Watts,cleaned
nodementia/Christopher Plummer/christopher plummer_2.wav,nodementia,ab951aec4b23143dc62c8a1663ef94ba6b317f603cdcff7bb32f57e0f4d3e3e6,Christopher Plummer,cleaned
nodementia/Dionne Warwick/DionneWarwick_1.wav,nodementia,5e3e23076d83018ef24595035a61c699842caa20e77f29b96d74aa03ff7ea56b,Dionne Warwick,cleaned
nodementia/Dionne Warwick/DionneWarwick_3.wav,nodementia,173d6a9327e352be7063161beda62a086a7922f99b6d1e74b75c0af36a13b416,Dionne Warwick,cleaned
nodementia/Dominic Chianese/DominicChianese_3.wav,nodementia,94edc4934472d25d486d6220a8abd660262be2e83a7fd8fbdaface0d275a8099,Dominic Chianese,cleaned
nodementia/George Clinton/GeorgeClinton_3.wav,nodementia,ac73fb56f2abc7feb3ac1600c1d5dc6c6eef36c9ff84c6a7528898335441d1d4,George Clinton,cleaned
nodementia/Harry Belafonte/HarryBelafonte_1.wav,nodementia,ab791ffd9e5753a6ab3deb784b8367da7df7672b165e802d7f9446572142ad7a,Harry Belafonte,cleaned
nodementia/Harry Belafonte/HarryBelafonte_2.wav,nodementia,5b4406c0a305ff143ecc0d42d23a23e33010d5868f00f67ac772e34bd18af152,Harry Belafonte,cleaned
nodementia/Harry Belafonte/HarryBelafonte_3.wav,nodementia,c715aeafb172b34f675974b53e92bf4f1cae2aa84c4e1b0f98c630716d60b93c,Harry Belafonte,cleaned
nodementia/James Brolin/JamesBrolin_1.wav,nodementia,8724283dce5d91bd77883b8a8a7d8dd699bdb3122ae05534e670a8d845a200b9,James Brolin,cleaned
nodementia/James Caan/JamesCaan_2.wav,nodementia,e2602097aa27bdce52269cea1fe145c07580dcb53a9958b65a1a226c8d10e9a2,James Caan,cleaned
nodementia/James Cromwell/JamesCromwell_3.wav,nodementia,66fd76192e1b74d9677c783ee6e9a474e7b140a5e260f11097628a735d4ee153,James Cromwell,cleaned
nodementia/James Earl Jones/james earl jones_1.wav,nodementia,331e21c73575475395b5b13fb147680b4ab1075f92db79d17521618c1ffc5acb,James Earl Jones,cleaned
nodementia/Jerry Lewis/JerryLewis1.wav,nodementia,f4372a3a11d28d9f434f0d96af87ef4a4ba372332d7d93ebcabe50b70de98334,Jerry Lewis,cleaned
nodementia/Jerry Lewis/JerryLewis2.wav,nodementia,8ceadf557bfd2f26b570465ff0ddcd0861ff17c45a81e95cd01f20952dc6b4d8,Jerry Lewis,cleaned
nodementia/Jimmy Carter/Jimmy carter_2.wav,nodementia,23c328fbd6aebe4aa2c5ba367660c8f72c64d6d0459e5f7e9db8c52d2e9a3d26,Jimmy Carter,cleaned
nodementia/Joe Pesci/JoePesci_1.wav,nodementia,31eea41c1c829ac8f7fa761a9c8cf5443573e4940528dd957e1312a90b15b6eb,Joe Pesci,cleaned
nodementia/Joe Pesci/JoePesci_2.wav,nodementia,f505c9f22fb952c74434d367bbc02d2be860f5f9b68658a10b651c8efc8777b4,Joe Pesci,cleaned
nodementia/Joe Pesci/JoePesci_3.wav,nodementia,5f5d7d06d137527b85e219cbb76e513f301a113a78e178545ab28d06454111aa,Joe Pesci,cleaned
nodementia/Judi Dench/Judi Dench_2.wav,nodementia,39a63e744bad20c421af21815607fe7ca90e606f01bfb1532024d37101439636,Judi Dench,cleaned
nodementia/Judi Dench/Judi Dench_3.wav,nodementia,b6a377d1fc7c4f43fd369742f3db1e69b0c63cec8147fa8618912d4d531177a1,Judi Dench,cleaned
nodementia/Kenny Rogers/KennyRogers_1.wav,nodementia,9488cef6f8ec31dea69b44f882dcc04a0f93314e4256bffd468c04c3cf517df9,Kenny Rogers,cleaned
nodementia/Kenny Rogers/KennyRogers_3.wav,nodementia,381cf61267b3a80adab46238d215e766e167c1323ade2db561160433af656a5e,Kenny Rogers,cleaned
nodementia/Kirk Douglas/Kirk Douglas_1.wav,nodementia,6982b05aea55c1a5c9c70f7a607c757b8a9de7938c006cda1b15d3c4a5b3e4e1,Kirk Douglas,cleaned
nodementia/Kirk Douglas/Kirk Douglas_2.wav,nodementia,2f8f75c9634ec4b5f9e8f077d90d5d5bc4879b6550bca781d9da15c88287e898,Kirk Douglas,cleaned
nodementia/Kirk Douglas/Kirk Douglas_3.wav,nodementia,02e93424934832ed43922a6fd07d545b42257ef6188bd7492837001d08c38c5f,Kirk Douglas,cleaned
nodementia/Line Renaud/LineRenaud_1.wav,nodementia,4740b1c58391af89a621cfc4ad00fccfc78f9e33ac85a147770f79254d51f0ea,Line Renaud,cleaned
nodementia/Line Renaud/LineRenaud_3.wav,nodementia,e4fcdffd743ba794e00e2a62417663469dbc5e8aaa0948100602ea09afa8711a,Line Renaud,cleaned
nodementia/Max von Sydow/MaxvonSydow_1.wav,nodementia,3dbe65250991a0fd087e3a4b1471acf089a61bbaff80e109be72b25008a8f683,Max von Sydow,cleaned
nodementia/Mel brooks/Mel brooks_1.wav,nodementia,9a1ca6d67b0bc71aab9d0e9b757c6b203e3869a030cfb9a423947f21d309f551,Mel brooks,cleaned
nodementia/Mel brooks/Mel brooks_2.wav,nodementia,3a981aa9a24de20a87499539c9ae81a254b982d710a94c52a705f171dd2cac53,Mel brooks,cleaned
nodementia/Mel brooks/Mel brooks_3.wav,nodementia,e978de5e15807c3f05acc088fe85b315c01417ef7947a302ba0810d675e4aecb,Mel brooks,cleaned
nodementia/Michael Dukakis/MichaelDukakis_1.wav,nodementia,7732962ef94e1094f6dc32aa5e0e54d2eb8adce405edabd7182715e84e162766,Michael Dukakis,cleaned
nodementia/Michael Dukakis/MichaelDukakis_3.wav,nodementia,3523d89d23097b96086017bf67e1b598c0db4c4ae7d1db445ee21a06c1f518ab,Michael Dukakis,cleaned
nodementia/Michael Gambon/MichaelGambon_2.wav,nodementia,e55f0f2332d4052e235d2420c924821450d2355173f8f986d3ebc964a15e5411,Michael Gambon,cleaned
nodementia/Michael Gambon/MichaelGambon_3.wav,nodementia,9241f6b86e07bc68355b2a0014ebcbdf9ff2eaa12e75bd95b6b0f30747586d9d,Michael Gambon,cleaned
nodementia/Mireille Darc/MireilleDarc_3.wav,nodementia,aa2c7511cf5c3d14f67e9644719884180fcd1a49bf3ea87f38c8e77d4b1bc281,Mireille Darc,cleaned
nodementia/Morgen Freeman/Morgen Freeman_1.wav,nodementia,9d95fe7fc667333f8861bd2b7ba0093051062e780b2879358644fa4f0e62a2e8,Morgen Freeman,cleaned
nodementia/Morgen Freeman/Morgen Freeman_2.wav,nodementia,88dbbfd1989718126d0fbc81bdf7919a1340899f82874e4d63ac4ea4a21f22d2,Morgen Freeman,cleaned
nodementia/Morgen Freeman/Morgen Freeman_3.wav,nodementia,748e80972d525d20c6e80101af1930ee8c2b5489fbbfc5c4dc972487f3235b33,Morgen Freeman,cleaned
nodementia/Nick Nolte/NickNolte_1.wav,nodementia,95fe9ad97100dc86faa812a312913025c761d472cc26bb1ec96a210f062b8b1a,Nick Nolte,cleaned
nodementia/Nick Nolte/NickNolte_2.wav,nodementia,37e5d443a8674cf5dc045edaa5b615e7c52dc36e8e299f5a6376cf35d4e7ab53,Nick Nolte,cleaned
nodementia/Nick Nolte/NickNolte_3.wav,nodementia,de871773b6b817760218a78907a3e70755e84d1a40027a6ebb5f04414001a128,Nick Nolte,cleaned
nodementia/Patrick Stewart/Patrick Stewart_1.wav,nodementia,140cd164f7586f9057dcb0780bddd3dd0b8b8d92e56868c323175242e2dcc9d0,Patrick Stewart,cleaned
nodementia/Patrick Stewart/Patrick Stewart_2.wav,nodementia,fbb1a0291062f5472813ecac8ec6aa12a851dd765222ccbd549af85a30bcad9c,Patrick Stewart,cleaned
nodementia/Patrick Stewart/Patrick Stewart_3.wav,nodementia,b09e6d60e02d97222d8ce6179c59debebcdfafb441ab5ce1dd814b8fd504f151,Patrick Stewart,cleaned
nodementia/Paul McCartney/PaulMcCartney_3.wav,nodementia,138d647697b3a31a3a61a8e29986a08e169a4dacc84208b9cc816b88e5431946,Paul McCartney,cleaned
nodementia/Paul Sorvino/PaulSorvino_3.wav,nodementia,ba6d62591337d175b822dff5396d58927adeadbde999e39c6304e28053439b4f,Paul Sorvino,cleaned
nodementia/Paul Verhoeven/PaulVerhoeven_1.wav,nodementia,ea101a0e85d4536e658410a2445ddae13883ac811997f1fd0b8371fa2531ce09,Paul Verhoeven,cleaned
nodementia/Paul Verhoeven/PaulVerhoeven_3.wav,nodementia,f2d8803fcc526a0894695ec6c2139ca5675198d76a33b15bdf6a98f235fea4b4,Paul Verhoeven,cleaned
nodementia/Peter Fonda/PeterFonda_2.wav,nodementia,be2b2a96451a5eae2bb79a8fd687d41394098edf810833186c4e4b7a3e31253d,Peter Fonda,cleaned
nodementia/Peter Fonda/PeterFonda_3.wav,nodementia,0daae6ef9b6d7ab1731668b008ded8ec5e7a7bcc0b1563319c09e9682fdb92c8,Peter Fonda,cleaned
nodementia/Philip Glass/PhilipGlass_1.wav,nodementia,6348bd3972a6c2bbe828a8e95725694ce306659f9a369b719047b96d4a1fd57e,Philip Glass,cleaned
nodementia/Philip Glass/PhilipGlass_3.wav,nodementia,f7dfad53c481b36222a573c2a254dcbe8c6bd5bf0fe811ac8bbab0a64c1beebf,Philip Glass,cleaned
nodementia/Prince Philip/Prince Philip_1.wav,nodementia,cbac72faeca80caf413e3a03425e513436ee8862e1e2c91f8e1758b39b25bdcd,Prince Philip,cleaned
nodementia/Prince Philip/Prince Philip_2.wav,nodementia,0ccda3a00f66da08b9ca0144263e859d021cb99296601fa3730a7cd6e5d760a1,Prince Philip,cleaned
nodementia/Ralph Lauren/RalphLauren_2.wav,nodementia,bf54781206b76264b10cf90bbe5393b89f4ecf0084a0b550a6e9fbff5d0bc637,Ralph Lauren,cleaned
nodementia/Raquel Welch/RaquelWelch_1.wav,nodementia,1bc1cd5fb9a62f16e1e79c312458776a7898395b14cd6c7b1d7c7fe6ba4eb29c,Raquel Welch,cleaned
nodementia/Raquel Welch/RaquelWelch_2.wav,nodementia,8bbf0903078dfb871f895af8557e547741dc411a9be502e0410b1af5078aba27,Raquel Welch,cleaned
nodementia/Raquel Welch/RaquelWelch_3.wav,nodementia,756601613f291e7365285202e02b88b181b26204eef474abc128023171c51e94,Raquel Welch,cleaned
nodementia/Richard Donner/RichardDonner_2.wav,nodementia,7fc24785ea3c406c13a12d0e6796a257f093d8d557042daa9511cd858288ca09,Richard Donner,cleaned
nodementia/Richard Donner/RichardDonner_3.wav,nodementia,e6dc89f86daf942c8c7f02a69d51751597749e3a502046a5d2fe48eff1079798,Richard Donner,cleaned
nodementia/Robert De Niro/RobertDeNiro_1.wav,nodementia,5854a797198b55be32f2b4acfedc5a0686f665abb8da5c78a234c5c448e2968c,Robert De Niro,cleaned
nodementia/Robert De Niro/RobertDeNiro_2.wav,nodementia,57d6c7ea5c1ab544a2c556277ee9d58c8c83b7e96aa018a12b1cc3f7483345e8,Robert De Niro,cleaned
nodementia/Robert Vaughn/RobertVaughn_1.wav,nodementia,05468764d258e337770ff4f08d0f0713dd8973d7cc5d7bac8a0dc7d10bc1dd05,Robert Vaughn,cleaned
nodementia/Robert Vaughn/RobertVaughn_2.wav,nodementia,de1e8cd8b512c1a419d25888b686f418156a7e950278f80c0db19d4db153e0d9,Robert Vaughn,cleaned
nodementia/Robert Vaughn/RobertVaughn_3.wav,nodementia,49986ccab4b82d3031264c651db5f59616fff26b4d5e50b81bab61cd15fd33f6,Robert Vaughn,cleaned
nodementia/Robert Wagner/RobertWagner_3.wav,nodementia,d345af25f06c17dd06aa80e59e5bb40f00e5257a8afc04f73f05efbd926ff128,Robert Wagner,cleaned
nodementia/Roger Waters/RogerWaters_2.wav,nodementia,6b8ad246b328c577028080863ab1d62a795d16a2371f39810e550d3e6254a94d,Roger Waters,cleaned
nodementia/Roger Waters/RogerWaters_3.wav,nodementia,23e40bfbab128fe9bf42176872080b125987d776fab5a1abc3abc91ea2c0e762,Roger Waters,cleaned
nodementia/Rupert Murdoch/RupertMurdoch_1.wav,nodementia,22904f66069bf04c7948eb0f2acbe677af0eacccba4bf1faa221398b5af46342,Rupert Murdoch,cleaned
nodementia/Rupert Murdoch/RupertMurdoch_2.wav,nodementia,84dc30a4cc60e9d6db5e4c91956f709320988dccdd86440d8f8064137076dcb8,Rupert Murdoch,cleaned
nodementia/Rupert Murdoch/RupertMurdoch_3.wav,nodementia,8e74c962a22243b108e0eda128bcb9b72f3bdf5f8f5552dfa178310f098c4be8,Rupert Murdoch,cleaned
nodementia/Stan Lee/Stan Lee_1.wav,nodementia,d75b8f6752cbd6d1c78a19539915731b19e6fc43acbbcbff78e1d23cffc7815a,Stan Lee,cleaned
nodementia/Stan Lee/Stan Lee_2.wav,nodementia,e8e0616887f2d1cbc3b1790be783c2afe6b8fa2357ef8bf0c21ea0fdc5f70714,Stan Lee,cleaned
nodementia/Stan Lee/Stan Lee_3.wav,nodementia,85615dae12ad2bb48a27f4ea1d56629c25c9b52f7606e29ffc710470f5bb2abd,Stan Lee,cleaned
nodementia/Terry Gilliam/TerryGilliam_1.wav,nodementia,9b676427ba710ae9abe72744e695aa56e557e21a977379ab39de6f951a3a9819,Terry Gilliam,cleaned
nodementia/Terry Gilliam/TerryGilliam_2.wav,nodementia,528b4e8040dc10c2d963a0643abf798530acb388ff311e7e2649bc31c071982b,Terry Gilliam,cleaned
nodementia/Terry Gilliam/TerryGilliam_3.wav,nodementia,39933fa677bb38fd91e85cba806d9948489668f4fcd3a9205839d7f1dbdef98f,Terry Gilliam,cleaned
nodementia/Terry Riley/TerryRiley_2.wav,nodementia,533f38c30f76bb531b34a7f04da687db441ff02833bd74647b0b223953ed8261,Terry Riley,cleaned
nodementia/Terry Riley/TerryRiley_3.wav,nodementia,4b6a8c3ab33ae2f8852de4737e34609d4f1e25a2fa429e8c83cdc6aaa5444cc4,Terry Riley,cleaned
nodementia/Warren Buffett/Warren Buffett_2.wav,nodementia,2c3443383fc133ca0077f821044c5882035dad9ffd36a80a8b8eca0a65ef88f7,Warren Buffett,cleaned
nodementia/Warren Buffett/WarrenBuffett_3.wav,nodementia,7a92fd9417c36018872180d62629a03550c972028a287601fe883c49a3815bd8,Warren Buffett,cleaned
nodementia/William Shatner/WilliamShatner_1.wav,nodementia,dbb956e277f486da5ffe92de97b5c09a1ad50262c9c0cc3824591fb6c06d21f2,William Shatner,cleaned
nodementia/William Shatner/WilliamShatner_3.wav,nodementia,e2b74f95be50cb0077fd860602938a805cb0bb4e3e2b6c71c604115206176a37,William Shatner,cleaned
nodementia/Yoko Ono/YokoOno_1.wav,nodementia,4ca2f406ba5c754d161a2d94f71e97bac6cd7b8afd23266c34518caa8400884f,Yoko Ono,cleaned
nodementia/Yoko Ono/YokoOno_2.wav,nodementia,925c46e98acb6bec4498fb28941c1cd38c95f6268b60dcfaf7eba38abed29fb3,Yoko Ono,cleaned
nodementia/Yoko Ono/YokoOno_3.wav,nodementia,8490dd76659c739041022066c5b280846e183152cb64529440504565f2f94546,Yoko Ono,cleaned
