file_path,class,format,duration_seconds,sample_rate,channels,sample_width,frames,status
dementia/Abe Burrows/AbeBurrows_5.wav,dementia,.wav,71.01968253968253,44100,2,2,3131968,OK
dementia/Aileen Hernandez/aileenhernandez_0.wav,dementia,.wav,47.0,44100,2,2,2072700,OK
dementia/Aileen Hernandez/aileenhernandez_5_1.wav,dementia,.wav,38.0,44100,2,2,1675800,OK
dementia/Aileen Hernandez/aileenhernandez_5_2.wav,dementia,.wav,90.0,44100,2,2,3969000,OK
dementia/Alan Ramsey/alanramsey_10.wav,dementia,.wav,55.0,44100,2,2,2425500,OK
dementia/Allan Burns/AllanBurns_5.wav,dementia,.wav,90.00054421768708,44100,2,2,3969024,OK
dementia/Andrew Sachs/andrewsachs_10.wav,dementia,.wav,77.0,44100,2,2,3395700,OK
dementia/Andrew Sachs/andrewsachs_15.wav,dementia,.wav,90.0,44100,2,2,3969000,OK
dementia/Annette Michelson/annettemichelson_15.wav,dementia,.wav,90.0,44100,2,2,3969000,OK
dementia/Antony Flew/antonyflew_10.wav,dementia,.wav,90.0,44100,2,2,3969000,OK
dementia/Antony Flew/antonyflew_5_1.wav,dementia,.wav,73.0,44100,2,2,3219300,OK
dementia/Antony Flew/antonyflew_5_2.wav,dementia,.wav,26.0,44100,2,2,1146600,OK
dementia/B B King/bbking_0.wav,dementia,.wav,9.0,44100,2,2,396900,OK
dementia/B B King/bbking_10.wav,dementia,.wav,90.0,44100,2,2,3969000,OK
dementia/B B King/bbking_15.wav,dementia,.wav,78.0,44100,2,2,3439800,OK
dementia/Barry Cohen/BarryCohen_5.wav,dementia,.wav,53.02267573696145,44100,2,2,2338300,OK
dementia/Ben Bradlee/BenBradlee_15.wav,dementia,.wav,60.00780045351474,44100,2,2,2646344,OK
dementia/Ben Bradlee/BenBradlee_5.wav,dementia,.wav,34.00190476190476,44100,2,2,1499484,OK
dementia/Bill Buckner/BillBuckner_10.wav,dementia,.wav,38.00126984126984,44100,2,2,1675856,OK
dementia/Bill Buckner/BillBuckner_15.wav,dementia,.wav,41.00643990929705,44100,2,2,1808384,OK
dementia/Bill Buckner/BillBuckner_5.wav,dementia,.wav,29.017777777777777,44100,2,2,1279684,OK
dementia/Bobby Womack/BobbyWomack_0.wav,dementia,.wav,38.005714285714284,44100,2,2,1676052,OK
dementia/Casey Kasem/CaseyKasem_15.wav,dementia,.wav,50.009251700680274,44100,2,2,2205408,OK
dementia/Casey Kasem/CaseyKasem_5.wav,dementia,.wav,11.005351473922902,44100,2,2,485336,OK
dementia/Charles Bronson/CharlesBronson_10.wav,dementia,.wav,36.01487528344671,44100,2,2,1588256,OK
dementia/Charles Bronson/CharlesBronson_15.wav,dementia,.wav,22.002539682539684,44100,2,2,970312,OK
dementia/Charles K Kao/CharlesKKao_0.wav,dementia,.wav,70.00834467120181,44100,2,2,3087368,OK
dementia/Charmian Carr/CharmianCarr_15.wav,dementia,.wav,110.00126984126985,44100,2,2,4851056,OK
dementia/Charmian Carr/CharmianCarr_5.wav,dementia,.wav,46.00290249433107,44100,2,2,2028728,OK
dementia/Dan Ingram/daningram_15.wav,dementia,.wav,46.0,44100,2,2,2028600,OK
dementia/David Milch/DavidMilch_10.wav,dementia,.wav,90.00072562358277,44100,2,2,3969032,OK
dementia/David Milch/DavidMilch_15.wav,dementia,.wav,90.00444444444445,44100,2,2,3969196,OK
dementia/David Prowse/DavidProwse_0.wav,dementia,.wav,45.00263038548753,44100,2,2,1984616,OK
dementia/David Prowse/DavidProwse_10.wav,dementia,.wav,90.00843537414966,44100,2,2,3969372,OK
dementia/David Prowse/DavidProwse_5.wav,dementia,.wav,57.00063492063492,44100,2,2,2513728,OK
dementia/Dennis Moore/DennisMoore_5.wav,dementia,.wav,90.0162358276644,44100,2,2,3969716,OK
dementia/Don Lane/DonLane_0.wav,dementia,.wav,35.01578231292517,44100,2,2,1544196,OK
dementia/Donald Sterling/DonaldSterling_5.wav,dementia,.wav,58.02022675736961,44100,2,2,2558692,OK
dementia/Emile Griffith/emilegriffith_5.wav,dementia,.wav,10.0,44100,2,2,441000,OK
dementia/Ernie Sigley/ErnieSigley_15.wav,dementia,.wav,49.010340136054424,44100,2,2,2161356,OK
dementia/Estelle Getty/EstelleGetty_15.wav,dementia,.wav,,,,,,CORRUPT
dementia/Evelyn Keyes/EvelynKeyes_0.wav,dementia,.wav,30.016507936507935,44100,2,2,1323728,OK
dementia/Evelyn Keyes/EvelynKeyes_10.wav,dementia,.wav,63.01777777777778,44100,2,2,2779084,OK
dementia/Gale Sayers/galesayers_0.wav,dementia,.wav,83.0,44100,2,2,3660300,OK
dementia/Gale Sayers/galesayers_5_1.wav,dementia,.wav,44.0,44100,2,2,1940400,OK
dementia/Gale Sayers/galesayers_5_2.wav,dementia,.wav,53.0,44100,2,2,2337300,OK
dementia/George Klein/georgeklein_5_1.wav,dementia,.wav,13.0,44100,2,2,573300,OK
dementia/George Klein/georgeklein_5_2.wav,dementia,.wav,63.0,44100,2,2,2778300,OK
dementia/George Klein/georgeklein_5_3.wav,dementia,.wav,16.0,44100,2,2,705600,OK
dementia/George Robb/georgerobb_10.wav,dementia,.wav,22.0,44100,2,2,970200,OK
dementia/Greg Fingers Taylor/GregFingersTaylor_10.wav,dementia,.wav,90.00235827664399,44100,2,2,3969104,OK
dementia/Ian Holm/IanHolm_2.wav,dementia,.wav,90.0,44100,2,2,3969000,OK
dementia/Ian McCaskill/ianmccaskill_15.wav,dementia,.wav,32.0,44100,2,2,1411200,OK
dementia/Iris Murdoch/IrisMurdoch_10.wav,dementia,.wav,58.01777777777778,44100,2,2,2558584,OK
dementia/Iris Murdoch/IrisMurdoch_5.wav,dementia,.wav,41.02204081632653,44100,2,2,1809072,OK
dementia/Jack Hanna/JackHanna_10.wav,dementia,.wav,60.01151927437642,44100,2,2,2646508,OK
dementia/Jack Hanna/JackHanna_15.wav,dementia,.wav,26.01424036281179,44100,2,2,1147228,OK
dementia/Jack Webster/JackWebster_10.wav,dementia,.wav,15.007437641723357,44100,2,2,661828,OK
dementia/Jack Webster/JackWebster_5.wav,dementia,.wav,20.001541950113378,44100,2,2,882068,OK
dementia/James Stewart/JamesStewart_5.wav,dementia,.wav,47.01804988662131,44100,2,2,2073496,OK
dementia/Jeanne Little/JeanneLittle_10.wav,dementia,.wav,48.01024943310657,44100,2,2,2117252,OK
dementia/Jesse Helms/jessehelms_0.wav,dementia,.wav,90.0,44100,2,2,3969000,OK
dementia/Jesse Helms/jessehelms_5_1.wav,dementia,.wav,38.0,44100,2,2,1675800,OK
dementia/Jesse Helms/jessehelms_5_2.wav,dementia,.wav,8.5,44100,2,2,374850,OK
dementia/Jessejackson/Jessejackson_0.wav,dementia,.wav,42.022403628117914,44100,2,2,1853188,OK
dementia/Jim McLean/jimmclean_10.wav,dementia,.wav,90.0,44100,2,2,3969000,OK
dementia/Jim Neidhart/JimNeidhart_0.wav,dementia,.wav,25.00498866213152,44100,2,2,1102720,OK
dementia/Jim Neidhart/JimNeidhart_10.wav,dementia,.wav,17.015691609977324,44100,2,2,750392,OK
dementia/Jim Neidhart/JimNeidhart_15.wav,dementia,.wav,40.011428571428574,44100,2,2,1764504,OK
dementia/Jimmy Calderwood/JimmyCalderwood_5.wav,dementia,.wav,14.014512471655328,44100,2,2,618040,OK
dementia/Jimmy Fratianno/JimmyFratianno_0.wav,dementia,.wav,100.01768707482994,44100,2,2,4410780,OK
dementia/Joe Conley/JoeConley_0.wav,dementia,.wav,80.00208616780046,44100,2,2,3528092,OK
dementia/John Mackey/johnmackey_15_1.wav,dementia,.wav,57.0,44100,2,2,2513700,OK
dementia/John Mackey/johnmackey_15_2.wav,dementia,.wav,11.0,44100,2,2,485100,OK
dementia/Jonathan Miller/JonathanMiller_5.wav,dementia,.wav,90.00054421768708,44100,2,2,3969024,OK
dementia/Leon Redbone/leonredbone_15.wav,dementia,.wav,48.0,44100,2,2,2116800,OK
dementia/Lerone Bennett Jr/LeroneBennettJr_10.wav,dementia,.wav,92.00988662131519,44100,2,2,4057636,OK
dementia/Maureen Forrester/maureenforrester_5.wav,dementia,.wav,58.0,44100,2,2,2557800,OK
dementia/Maurice Hinchey/mauricehinchey_0_1.wav,dementia,.wav,90.0,44100,2,2,3969000,OK
dementia/Maurice Hinchey/mauricehinchey_0_2.wav,dementia,.wav,16.0,44100,2,2,705600,OK
dementia/Maurice Hinchey/mauricehinchey_5.wav,dementia,.wav,89.0,44100,2,2,3924900,OK
dementia/Omar Sharif/OmarSharif_0.wav,dementia,.wav,14.007891156462586,44100,2,2,617748,OK
dementia/Omar Sharif/OmarSharif_10.wav,dementia,.wav,79.01278911564626,44100,2,2,3484464,OK
dementia/Otis Chandler/OtisChandler_5.wav,dementia,.wav,48.00943310657596,44100,2,2,2117216,OK
dementia/Pat Pariseau/patpariseau_10_1.wav,dementia,.wav,90.0,44100,2,2,3969000,OK
dementia/Pat Pariseau/patpariseau_10_2.wav,dementia,.wav,34.0,44100,2,2,1499400,OK
dementia/Paul Hornung/paulhornung_0.wav,dementia,.wav,81.0,44100,2,2,3572100,OK
dementia/Paul Hornung/paulhornung_10.wav,dementia,.wav,90.0,44100,2,2,3969000,OK
dementia/Pauline Phillips/PaulinePhillips_10.wav,dementia,.wav,90.00054421768708,44100,2,2,3969024,OK
dementia/Peter Falk/PeterFalk_10.wav,dementia,.wav,21.015873015873016,44100,2,2,926800,OK
dementia/Peter Falk/PeterFalk_15.wav,dementia,.wav,26.000362811791383,44100,2,2,1146616,OK
dementia/Peter Max/PeterMax_10.wav,dementia,.wav,35.01587301587302,44100,2,2,1544200,OK
dementia/Peter Max/PeterMax_15.wav,dementia,.wav,20.01560090702948,44100,2,2,882688,OK
dementia/Peter Reveen/peterreveen_15.wav,dementia,.wav,40.0,44100,2,2,1764000,OK
dementia/Ralph Klein/ralphklein_5_1.wav,dementia,.wav,46.0,44100,2,2,2028600,OK
dementia/Ralph Klein/ralphklein_5_2.wav,dementia,.wav,33.0,44100,2,2,1455300,OK
dementia/Ray Dolby/RayDolby_0.wav,dementia,.wav,64.00834467120181,44100,2,2,2822768,OK
dementia/Ray Dolby/RayDolby_10.wav,dementia,.wav,90.00834467120181,44100,2,2,3969368,OK
dementia/Ray Galton/RayGalton_5.wav,dementia,.wav,71.01170068027211,44100,2,2,3131616,OK
dementia/Richard Gwyn/RichardGwyn_0.wav,dementia,.wav,43.00208616780046,44100,2,2,1896392,OK
dementia/Richard Gwyn/RichardGwyn_5.wav,dementia,.wav,162.00371882086168,44100,2,2,7144364,OK
dementia/Robert Anderson/RobertAnderson_10.wav,dementia,.wav,90.00054421768708,44100,2,2,3969024,OK
dementia/Robin Williams/RobinWilliams_0.wav,dementia,.wav,86.00671201814059,44100,2,2,3792896,OK
dementia/Ronald Reagan/RonaldReagan_10.wav,dementia,.wav,90.0087074829932,44100,2,2,3969384,OK
dementia/Ronald Reagan/RonaldReagan_5.wav,dementia,.wav,90.01614512471656,44100,2,2,3969712,OK
dementia/Ronan O_Rahilly/ronano_rahilly_15_1.wav,dementia,.wav,88.0,44100,2,2,3880800,OK
dementia/Ronan O_Rahilly/ronano_rahilly_15_2.wav,dementia,.wav,24.0,44100,2,2,1058400,OK
dementia/Ross Mac Donald/RossMacDonald_10.wav,dementia,.wav,94.02829931972789,44100,2,2,4146648,OK
dementia/Sparky Anderson/SparkyAnderson_0.wav,dementia,.wav,54.00390022675737,44100,2,2,2381572,OK
dementia/Stan Bowles/StanBowles_5.wav,dementia,.wav,26.008163265306123,44100,2,2,1146960,OK
dementia/Stella Stevens/StellaStevens_15.wav,dementia,.wav,31.000725623582767,44100,2,2,1367132,OK
dementia/Steve Lawrence/SteveLawrence_15.wav,dementia,.wav,102.00090702947846,44100,2,2,4498240,OK
dementia/Ted Turner/TedTurner_0.wav,dementia,.wav,16.017414965986394,44100,2,2,706368,OK
dementia/Ted Turner/TedTurner_5.wav,dementia,.wav,37.00517006802721,44100,2,2,1631928,OK
dementia/Teresa Gorman/TeresaGorman_10.wav,dementia,.wav,16.02285714285714,44100,2,2,706608,OK
dementia/Terry Jones/terryjones_5.wav,dementia,.wav,44.0,44100,2,2,1940400,OK
dementia/Terry Pratchett/TerryPratchett_0.wav,dementia,.wav,80.00888888888889,44100,2,2,3528392,OK
dementia/Terry Pratchett/TerryPratchett_5.wav,dementia,.wav,64.0184126984127,44100,2,2,2823212,OK
dementia/Thomas Dorsey/thomasdorsey_0.wav,dementia,.wav,18.0,44100,2,2,793800,OK
dementia/Tim Conway/TimConway_10.wav,dementia,.wav,90.00054421768708,44100,2,2,3969024,OK
dementia/Tim Conway/TimConway_5.wav,dementia,.wav,43.0225850340136,44100,2,2,1897296,OK
dementia/Tony Bennett/TonyBennett_0.wav,dementia,.wav,27.00798185941043,44100,2,2,1191052,OK
dementia/Tony Bennett/TonyBennett_15.wav,dementia,.wav,86.00380952380952,44100,2,2,3792768,OK
dementia/Tony Parkes/TonyParkes_10.wav,dementia,.wav,48.01886621315193,44100,2,2,2117632,OK
dementia/Tony Parkes/TonyParkes_5.wav,dementia,.wav,33.01106575963719,44100,2,2,1455788,OK
dementia/Trevor Peacock/TrevorPeacock_5.wav,dementia,.wav,34.015691609977324,44100,2,2,1500092,OK
dementia/Unita Blackwell/UnitaBlackwell_15.wav,dementia,.wav,90.00054421768708,44100,2,2,3969024,OK
dementia/Vampiro/Vampiro_0.wav,dementia,.wav,100.00090702947846,44100,2,2,4410040,OK
dementia/Vampiro/Vampiro_5.wav,dementia,.wav,39.01315192743764,44100,2,2,1720480,OK
dementia/Viv Nicholson/vivnicholson_5.wav,dementia,.wav,90.0,44100,2,2,3969000,OK
dementia/Woody Durham/woodydurham_0_2.wav,dementia,.wav,90.0,44100,2,2,3969000,OK
nodementia/Angela Lansbury/Angela Lansbury_3.wav,nodementia,.wav,48.0,44100,2,2,2116800,OK
nodementia/Barbra Streisand/BarbraStreisand_1.wav,nodementia,.wav,32.0,44100,2,2,1411200,OK
nodementia/Barry Levinson/BarryLevinson_1.wav,nodementia,.wav,45.0,44100,2,2,1984500,OK
nodementia/Barry Levinson/BarryLevinson_2.wav,nodementia,.wav,56.0,44100,2,2,2469600,OK
nodementia/Barry Levinson/BarryLevinson_3.wav,nodementia,.wav,90.0,44100,2,2,3969000,OK
nodementia/Bernie Sanders/BernieSanders_3.wav,nodementia,.wav,90.0,44100,2,2,3969000,OK
nodementia/Bill Cosby/BillCosby_1.wav,nodementia,.wav,90.0,44100,2,2,3969000,OK
nodementia/Bill Wyman/BillWyman_1.wav,nodementia,.wav,26.0,44100,2,2,1146600,OK
nodementia/Bill Wyman/BillWyman_3.wav,nodementia,.wav,54.0,44100,2,2,2381400,OK
nodementia/Charlie Watts/CharlieWatts_1.wav,nodementia,.wav,84.0,44100,2,2,3704400,OK
nodementia/Christopher Plummer/christopher plummer_2.wav,nodementia,.wav,46.0,44100,2,2,2028600,OK
nodementia/Dionne Warwick/DionneWarwick_1.wav,nodementia,.wav,82.0,44100,2,2,3616200,OK
nodementia/Dionne Warwick/DionneWarwick_3.wav,nodementia,.wav,90.0,44100,2,2,3969000,OK
nodementia/Dominic Chianese/DominicChianese_3.wav,nodementia,.wav,42.0,44100,2,2,1852200,OK
nodementia/George Clinton/GeorgeClinton_3.wav,nodementia,.wav,90.0,44100,2,2,3969000,OK
nodementia/Harry Belafonte/HarryBelafonte_1.wav,nodementia,.wav,90.0,44100,2,2,3969000,OK
nodementia/Harry Belafonte/HarryBelafonte_2.wav,nodementia,.wav,68.0,44100,2,2,2998800,OK
nodementia/Harry Belafonte/HarryBelafonte_3.wav,nodementia,.wav,65.0,44100,2,2,2866500,OK
nodementia/James Brolin/JamesBrolin_1.wav,nodementia,.wav,51.0,44100,2,2,2249100,OK
nodementia/James Caan/JamesCaan_2.wav,nodementia,.wav,33.0,44100,2,2,1455300,OK
nodementia/James Cromwell/JamesCromwell_3.wav,nodementia,.wav,67.0,44100,2,2,2954700,OK
nodementia/James Earl Jones/james earl jones_1.wav,nodementia,.wav,90.0,44100,2,2,3969000,OK
nodementia/Jerry Lewis/JerryLewis1.wav,nodementia,.wav,79.0,44100,2,2,3483900,OK
nodementia/Jerry Lewis/JerryLewis2.wav,nodementia,.wav,90.0,44100,2,2,3969000,OK
nodementia/Jimmy Carter/Jimmy carter_2.wav,nodementia,.wav,36.0,44100,2,2,1587600,OK
nodementia/Joe Pesci/JoePesci_1.wav,nodementia,.wav,27.0,44100,2,2,1190700,OK
nodementia/Joe Pesci/JoePesci_2.wav,nodementia,.wav,69.0,44100,2,2,3042900,OK
nodementia/Joe Pesci/JoePesci_3.wav,nodementia,.wav,46.0,44100,2,2,2028600,OK
nodementia/Judi Dench/Judi Dench_2.wav,nodementia,.wav,90.0,44100,2,2,3969000,OK
nodementia/Judi Dench/Judi Dench_3.wav,nodementia,.wav,90.0,44100,2,2,3969000,OK
nodementia/Kenny Rogers/KennyRogers_1.wav,nodementia,.wav,24.0,44100,2,2,1058400,OK
nodementia/Kenny Rogers/KennyRogers_3.wav,nodementia,.wav,90.0,44100,2,2,3969000,OK
nodementia/Kirk Douglas/Kirk Douglas_1.wav,nodementia,.wav,61.0,44100,2,2,2690100,OK
nodementia/Kirk Douglas/Kirk Douglas_2.wav,nodementia,.wav,71.0,44100,2,2,3131100,OK
nodementia/Kirk Douglas/Kirk Douglas_3.wav,nodementia,.wav,30.0,44100,2,2,1323000,OK
nodementia/Line Renaud/LineRenaud_1.wav,nodementia,.wav,31.0,44100,2,2,1367100,OK
nodementia/Line Renaud/LineRenaud_3.wav,nodementia,.wav,25.0,44100,2,2,1102500,OK
nodementia/Max von Sydow/MaxvonSydow_1.wav,nodementia,.wav,42.0,44100,2,2,1852200,OK
nodementia/Mel brooks/Mel brooks_1.wav,nodementia,.wav,35.0,44100,2,2,1543500,OK
nodementia/Mel brooks/Mel brooks_2.wav,nodementia,.wav,90.0,44100,2,2,3969000,OK
nodementia/Mel brooks/Mel brooks_3.wav,nodementia,.wav,25.0,44100,2,2,1102500,OK
nodementia/Michael Dukakis/MichaelDukakis_1.wav,nodementia,.wav,46.0,44100,2,2,2028600,OK
nodementia/Michael Dukakis/MichaelDukakis_3.wav,nodementia,.wav,89.0,44100,2,2,3924900,OK
nodementia/Michael Gambon/MichaelGambon_2.wav,nodementia,.wav,47.0,44100,2,2,2072700,OK
nodementia/Michael Gambon/MichaelGambon_3.wav,nodementia,.wav,67.0,44100,2,2,2954700,OK
nodementia/Mireille Darc/MireilleDarc_3.wav,nodementia,.wav,56.0,44100,2,2,2469600,OK
nodementia/Morgen Freeman/Morgen Freeman_1.wav,nodementia,.wav,65.0,44100,2,2,2866500,OK
nodementia/Morgen Freeman/Morgen Freeman_2.wav,nodementia,.wav,85.0,44100,2,2,3748500,OK
nodementia/Morgen Freeman/Morgen Freeman_3.wav,nodementia,.wav,38.0,44100,2,2,1675800,OK
nodementia/Nick Nolte/NickNolte_1.wav,nodementia,.wav,60.0,44100,2,2,2646000,OK
nodementia/Nick Nolte/NickNolte_2.wav,nodementia,.wav,90.0,44100,2,2,3969000,OK
nodementia/Nick Nolte/NickNolte_3.wav,nodementia,.wav,90.0,44100,2,2,3969000,OK
nodementia/Patrick Stewart/Patrick Stewart_1.wav,nodementia,.wav,90.0,44100,2,2,3969000,OK
nodementia/Patrick Stewart/Patrick Stewart_2.wav,nodementia,.wav,67.0,44100,2,2,2954700,OK
nodementia/Patrick Stewart/Patrick Stewart_3.wav,nodementia,.wav,90.1,44100,2,2,3973410,OK
nodementia/Paul McCartney/PaulMcCartney_3.wav,nodementia,.wav,89.8,44100,2,2,3960180,OK
nodementia/Paul Sorvino/PaulSorvino_3.wav,nodementia,.wav,29.0,44100,2,2,1278900,OK
nodementia/Paul Verhoeven/PaulVerhoeven_1.wav,nodementia,.wav,90.0,44100,2,2,3969000,OK
nodementia/Paul Verhoeven/PaulVerhoeven_3.wav,nodementia,.wav,90.0,44100,2,2,3969000,OK
nodementia/Peter Fonda/PeterFonda_2.wav,nodementia,.wav,31.8,44100,2,2,1402380,OK
nodementia/Peter Fonda/PeterFonda_3.wav,nodementia,.wav,55.0,44100,2,2,2425500,OK
nodementia/Philip Glass/PhilipGlass_1.wav,nodementia,.wav,28.0,44100,2,2,1234800,OK
nodementia/Philip Glass/PhilipGlass_3.wav,nodementia,.wav,90.0,44100,2,2,3969000,OK
nodementia/Prince Philip/Prince Philip_1.wav,nodementia,.wav,42.0,44100,2,2,1852200,OK
nodementia/Prince Philip/Prince Philip_2.wav,nodementia,.wav,70.0,44100,2,2,3087000,OK
nodementia/Ralph Lauren/RalphLauren_2.wav,nodementia,.wav,90.0,44100,2,2,3969000,OK
nodementia/Raquel Welch/RaquelWelch_1.wav,nodementia,.wav,29.0,44100,2,2,1278900,OK
nodementia/Raquel Welch/RaquelWelch_2.wav,nodementia,.wav,28.0,44100,2,2,1234800,OK
nodementia/Raquel Welch/RaquelWelch_3.wav,nodementia,.wav,28.0,44100,2,2,1234800,OK
nodementia/Richard Donner/RichardDonner_2.wav,nodementia,.wav,84.0,44100,2,2,3704400,OK
nodementia/Richard Donner/RichardDonner_3.wav,nodementia,.wav,90.0,44100,2,2,3969000,OK
nodementia/Robert De Niro/RobertDeNiro_1.wav,nodementia,.wav,90.0,44100,2,2,3969000,OK
nodementia/Robert De Niro/RobertDeNiro_2.wav,nodementia,.wav,68.0,44100,2,2,2998800,OK
nodementia/Robert Vaughn/RobertVaughn_1.wav,nodementia,.wav,83.0,44100,2,2,3660300,OK
nodementia/Robert Vaughn/RobertVaughn_2.wav,nodementia,.wav,90.0,44100,2,2,3969000,OK
nodementia/Robert Vaughn/RobertVaughn_3.wav,nodementia,.wav,71.0,44100,2,2,3131100,OK
nodementia/Robert Wagner/RobertWagner_3.wav,nodementia,.wav,37.0,44100,2,2,1631700,OK
nodementia/Roger Waters/RogerWaters_2.wav,nodementia,.wav,65.9,44100,2,2,2906190,OK
nodementia/Roger Waters/RogerWaters_3.wav,nodementia,.wav,52.0,44100,2,2,2293200,OK
nodementia/Rupert Murdoch/RupertMurdoch_1.wav,nodementia,.wav,78.0,44100,2,2,3439800,OK
nodementia/Rupert Murdoch/RupertMurdoch_2.wav,nodementia,.wav,28.0,44100,2,2,1234800,OK
nodementia/Rupert Murdoch/RupertMurdoch_3.wav,nodementia,.wav,90.0,44100,2,2,3969000,OK
nodementia/Stan Lee/Stan Lee_1.wav,nodementia,.wav,90.0,44100,2,2,3969000,OK
nodementia/Stan Lee/Stan Lee_2.wav,nodementia,.wav,86.0,44100,2,2,3792600,OK
nodementia/Stan Lee/Stan Lee_3.wav,nodementia,.wav,90.0,44100,2,2,3969000,OK
nodementia/Terry Gilliam/TerryGilliam_1.wav,nodementia,.wav,90.0,44100,2,2,3969000,OK
nodementia/Terry Gilliam/TerryGilliam_2.wav,nodementia,.wav,57.0,44100,2,2,2513700,OK
nodementia/Terry Gilliam/TerryGilliam_3.wav,nodementia,.wav,90.0,44100,2,2,3969000,OK
nodementia/Terry Riley/TerryRiley_2.wav,nodementia,.wav,90.0,44100,2,2,3969000,OK
nodementia/Terry Riley/TerryRiley_3.wav,nodementia,.wav,83.0,44100,2,2,3660300,OK
nodementia/Warren Buffett/Warren Buffett_2.wav,nodementia,.wav,56.0,44100,2,2,2469600,OK
nodementia/Warren Buffett/WarrenBuffett_3.wav,nodementia,.wav,90.0,44100,2,2,3969000,OK
nodementia/William Shatner/WilliamShatner_1.wav,nodementia,.wav,68.0,44100,2,2,2998800,OK
nodementia/William Shatner/WilliamShatner_3.wav,nodementia,.wav,90.0,44100,2,2,3969000,OK
nodementia/Yoko Ono/YokoOno_1.wav,nodementia,.wav,30.899977324263038,44100,2,2,1362689,OK
nodementia/Yoko Ono/YokoOno_2.wav,nodementia,.wav,23.0,44100,2,2,1014300,OK
nodementia/Yoko Ono/YokoOno_3.wav,nodementia,.wav,29.0,44100,2,2,1278900,OK
