sha256,duplicate_count,paths
0359ac4cec1cf86823d0915756f70848d1983ab8de2c56e7c5554ba1a6ee5955,2,data\mri\raw\Combined Dataset\train\Mild Impairment\MildImpairment (101).jpg | data\mri\raw\Combined Dataset\train\Mild Impairment\MildImpairment (2513).jpg
03f30e0046b18201feefea47e59b65e3d605e713dd9b9e087eac1b12882510fd,2,data\mri\raw\Combined Dataset\train\Very Mild Impairment\VeryMildImpairment (1726).jpg | data\mri\raw\Combined Dataset\train\Very Mild Impairment\VeryMildImpairment (2506).jpg
04be501b645b051bbeb26d979a8ed89472ee8c95d7d148486edf993747806055,2,data\mri\raw\Combined Dataset\train\Mild Impairment\MildImpairment (112).jpg | data\mri\raw\Combined Dataset\train\Mild Impairment\MildImpairment (2524).jpg
05a9c1c5881b58c2da7204c002451f5b0bacb283baa56cddec8eb036eddce492,2,data\mri\raw\Combined Dataset\train\Mild Impairment\MildImpairment (2496).jpg | data\mri\raw\Combined Dataset\train\Mild Impairment\MildImpairment (84).jpg
08f8098bc41cbbb5b714a1f75de6a183e6acba02db29dbe6f5cbfec1dbc02a3a,2,data\mri\raw\Combined Dataset\train\Mild Impairment\MildImpairment (2470).jpg | data\mri\raw\Combined Dataset\train\Mild Impairment\MildImpairment (58).jpg
09db32134393e120b3c5d290e7e50fef769a1b0042a8f43854a4e3752458bc52,2,data\mri\raw\Combined Dataset\train\Very Mild Impairment\VeryMildImpairment (1645).jpg | data\mri\raw\Combined Dataset\train\Very Mild Impairment\VeryMildImpairment (2500).jpg
0d4d4e5b13355d13a25e9ce20eb22e799b0d4ea3895f71f3e0765e942b0a1ea6,2,data\mri\raw\Combined Dataset\train\Mild Impairment\MildImpairment (121).jpg | data\mri\raw\Combined Dataset\train\Mild Impairment\MildImpairment (2533).jpg
10091a37dadb2ea8261f1ed9293d72acc916122bfc881a5a8938328c18af116f,2,data\mri\raw\Combined Dataset\train\Mild Impairment\MildImpairment (2447).jpg | data\mri\raw\Combined Dataset\train\Mild Impairment\MildImpairment (35).jpg
1029fc16188f5497ed5d8890ee735fbf1f472595731c6a497c167daf2476d0a5,2,data\mri\raw\Combined Dataset\train\Very Mild Impairment\VeryMildImpairment (1791).jpg | data\mri\raw\Combined Dataset\train\Very Mild Impairment\VeryMildImpairment (2455).jpg
10433711d54ba04ae89dde78c02645a87db5311fe50bc1b8f1388443cb6cdc62,2,data\mri\raw\Combined Dataset\train\Mild Impairment\MildImpairment (107).jpg | data\mri\raw\Combined Dataset\train\Mild Impairment\MildImpairment (2519).jpg
11a80dd53b49f8fc0ab9f21d90019697b9184511c37ee3a58c5326443373d160,2,data\mri\raw\Combined Dataset\train\Mild Impairment\MildImpairment (2459).jpg | data\mri\raw\Combined Dataset\train\Mild Impairment\MildImpairment (47).jpg
11f293de2b863d833d20def7f393c22f55e9ffb8981da1a58b94768f029be21d,2,data\mri\raw\Combined Dataset\train\Very Mild Impairment\VeryMildImpairment (1309).jpg | data\mri\raw\Combined Dataset\train\Very Mild Impairment\VeryMildImpairment (2467).jpg
1372282379952bb0b51f64641175a4600f5135e5389525e0fdc23ab8829ff8ac,2,data\mri\raw\Combined Dataset\train\Mild Impairment\MildImpairment (118).jpg | data\mri\raw\Combined Dataset\train\Mild Impairment\MildImpairment (2530).jpg
15142c9f3eedf17fbc90624b0f1b53964251fe271f23fd43e1c401a7879e611a,2,data\mri\raw\Combined Dataset\train\Mild Impairment\MildImpairment (2452).jpg | data\mri\raw\Combined Dataset\train\Mild Impairment\MildImpairment (40).jpg
17ee2b8cb4a5137cb01b006ed44d913d64d96a1880e7d40605575443c41f34ce,2,data\mri\raw\Combined Dataset\train\Mild Impairment\MildImpairment (2495).jpg | data\mri\raw\Combined Dataset\train\Mild Impairment\MildImpairment (83).jpg
1a75b47e04d87efce57818f8d182747223ada92cade98014da1f128392d72790,2,data\mri\raw\Combined Dataset\train\Mild Impairment\MildImpairment (143).jpg | data\mri\raw\Combined Dataset\train\Mild Impairment\MildImpairment (2555).jpg
1a9d69445a51a5702eb6ef6af0428d7609dec27f50555b09a39c330e8aeabead,2,data\mri\raw\Combined Dataset\train\Mild Impairment\MildImpairment (128).jpg | data\mri\raw\Combined Dataset\train\Mild Impairment\MildImpairment (2540).jpg
1d52f73b2fbba02daaf2737d5f5a21bf8e03e353260719101deeed09c99a5f69,2,data\mri\raw\Combined Dataset\train\Mild Impairment\MildImpairment (2509).jpg | data\mri\raw\Combined Dataset\train\Mild Impairment\MildImpairment (97).jpg
1edce8712825a207f0aec6e94cb7a40fba453156b0fbfd887d30e042a3a4106f,2,data\mri\raw\Combined Dataset\train\Mild Impairment\MildImpairment (142).jpg | data\mri\raw\Combined Dataset\train\Mild Impairment\MildImpairment (2554).jpg
1fa6303f57a8cd935285e5c52267642c9dae0e39855bfebbd718ed889019d0c5,2,data\mri\raw\Combined Dataset\train\Mild Impairment\MildImpairment (117).jpg | data\mri\raw\Combined Dataset\train\Mild Impairment\MildImpairment (2529).jpg
203748098b68defbbc873b53d266ea41c7c1041dba3769ea8339be9cd9e82ea8,2,data\mri\raw\Combined Dataset\train\Mild Impairment\MildImpairment (108).jpg | data\mri\raw\Combined Dataset\train\Mild Impairment\MildImpairment (2520).jpg
208c893bd61a7686fb5e07293ad821af994866b58bd8856809e2861fb633dc34,2,data\mri\raw\Combined Dataset\train\Mild Impairment\MildImpairment (122).jpg | data\mri\raw\Combined Dataset\train\Mild Impairment\MildImpairment (2534).jpg
229fa8266370a5ee5d8435bf820694980446197772ab0d97fdecfcf75e75ada2,2,data\mri\raw\Combined Dataset\train\Mild Impairment\MildImpairment (2440).jpg | data\mri\raw\Combined Dataset\train\Mild Impairment\MildImpairment (28).jpg
23c1ca9649649ca5fee49d9279749b30aa25e2b9cd97406b56033aef87314aac,2,data\mri\raw\Combined Dataset\train\Mild Impairment\MildImpairment (2458).jpg | data\mri\raw\Combined Dataset\train\Mild Impairment\MildImpairment (46).jpg
255dcca613317b1dc7f5760e6fc63024a4ea81953d3bc6d5958318199325d21b,2,data\mri\raw\Combined Dataset\train\Mild Impairment\MildImpairment (2456).jpg | data\mri\raw\Combined Dataset\train\Mild Impairment\MildImpairment (44).jpg
2692dd53de21adce81b5ca41d93e7d6deb013f75f377a91c5b82997a8daa2b0d,2,data\mri\raw\Combined Dataset\train\Very Mild Impairment\VeryMildImpairment (1546).jpg | data\mri\raw\Combined Dataset\train\Very Mild Impairment\VeryMildImpairment (2484).jpg
28946278cef00275e2823477d48bd30b15034043dc9a781711ae46f351accc5a,2,data\mri\raw\Combined Dataset\train\Mild Impairment\MildImpairment (2438).jpg | data\mri\raw\Combined Dataset\train\Mild Impairment\MildImpairment (26).jpg
2b1cdd03ffa397f9cba84708468e97d0de51e0cb3843907351483adbc062bab8,2,data\mri\raw\Combined Dataset\train\Mild Impairment\MildImpairment (2449).jpg | data\mri\raw\Combined Dataset\train\Mild Impairment\MildImpairment (37).jpg
2b2a8304a330d0522f1c654f1228943e45ae87ae2351136f76ad80986879bc51,2,data\mri\raw\Combined Dataset\train\Mild Impairment\MildImpairment (2483).jpg | data\mri\raw\Combined Dataset\train\Mild Impairment\MildImpairment (71).jpg
2c7af6399ac827b98e870381261171410a1b42c75c18cbefaf8b40ae1912a166,2,data\mri\raw\Combined Dataset\train\Very Mild Impairment\VeryMildImpairment (1345).jpg | data\mri\raw\Combined Dataset\train\Very Mild Impairment\VeryMildImpairment (2469).jpg
2c86452a750d0c04138d9ce046338b86c24825aca046528ecb8c957edb1926cc,2,data\mri\raw\Combined Dataset\train\Very Mild Impairment\VeryMildImpairment (1523).jpg | data\mri\raw\Combined Dataset\train\Very Mild Impairment\VeryMildImpairment (2483).jpg
2d6788570711d27481ad23046e43c4b0b831df14cd696f9a5c1c859edc15b3f3,2,data\mri\raw\Combined Dataset\train\Mild Impairment\MildImpairment (2454).jpg | data\mri\raw\Combined Dataset\train\Mild Impairment\MildImpairment (42).jpg
2e08bc9a2ec4142134c0bd2f73f6b93847ab5c08f1e7f354bd25e34a61df9e86,2,data\mri\raw\Combined Dataset\train\Very Mild Impairment\VeryMildImpairment (1608).jpg | data\mri\raw\Combined Dataset\train\Very Mild Impairment\VeryMildImpairment (2495).jpg
2ec0dff867f144f80335f946c17d2b16c688392f48bdf50347efbfaae4e4fa29,2,data\mri\raw\Combined Dataset\train\Mild Impairment\MildImpairment (145).jpg | data\mri\raw\Combined Dataset\train\Mild Impairment\MildImpairment (2557).jpg
305e61c5ee17d889fa70e4e2db6981477d944c8ce5f66abb59eb35cafcf19478,2,data\mri\raw\Combined Dataset\train\Mild Impairment\MildImpairment (2507).jpg | data\mri\raw\Combined Dataset\train\Mild Impairment\MildImpairment (95).jpg
3087b59618d82c22fc613cd7e40d4d9c516a2bcc082890102379e371ce73a398,2,data\mri\raw\Combined Dataset\train\Very Mild Impairment\VeryMildImpairment (1444).jpg | data\mri\raw\Combined Dataset\train\Very Mild Impairment\VeryMildImpairment (2478).jpg
30929e7bed09b20224bacb60248ad80d1c0b323e544d6f1f8f39bd9d0b67ff2c,2,data\mri\raw\Combined Dataset\train\Mild Impairment\MildImpairment (148).jpg | data\mri\raw\Combined Dataset\train\Mild Impairment\MildImpairment (2560).jpg
317c48dff4466eb73b83eff38c4a273660b67c04338fe9de2427d8883a313c17,2,data\mri\raw\Combined Dataset\train\Mild Impairment\MildImpairment (2478).jpg | data\mri\raw\Combined Dataset\train\Mild Impairment\MildImpairment (66).jpg
32373a422e4281efa4dc8d246fac1f66de386a854a62e93a5cc944e7610a056d,2,data\mri\raw\Combined Dataset\train\Very Mild Impairment\VeryMildImpairment (1393).jpg | data\mri\raw\Combined Dataset\train\Very Mild Impairment\VeryMildImpairment (2475).jpg
325da481f089f87b13fe7ffe904c44896cb35bef1627c50afe291857e04358a5,2,data\mri\raw\Combined Dataset\train\Mild Impairment\MildImpairment (136).jpg | data\mri\raw\Combined Dataset\train\Mild Impairment\MildImpairment (2548).jpg
32dfee30873a68ca53a9c2ef928fb46602960c8c070c599e285fb8d85dafa6bb,2,data\mri\raw\Combined Dataset\train\Mild Impairment\MildImpairment (131).jpg | data\mri\raw\Combined Dataset\train\Mild Impairment\MildImpairment (2543).jpg
33abd61fdfa3f31acb43d34cf2d867aab80a3d39fe58f893b2f5aecfc8d8d59d,2,data\mri\raw\Combined Dataset\train\Very Mild Impairment\VeryMildImpairment (1432).jpg | data\mri\raw\Combined Dataset\train\Very Mild Impairment\VeryMildImpairment (2477).jpg
366816f871e3108518f1e7aa04c37b02ee33d0f6e7c6695b06037afddee628bb,2,data\mri\raw\Combined Dataset\train\Mild Impairment\MildImpairment (2485).jpg | data\mri\raw\Combined Dataset\train\Mild Impairment\MildImpairment (73).jpg
36d29ea300b6ba1079d24c4f0be14fcedac3f215021b329dc8764d43163f86ec,2,data\mri\raw\Combined Dataset\train\Very Mild Impairment\VeryMildImpairment (1376).jpg | data\mri\raw\Combined Dataset\train\Very Mild Impairment\VeryMildImpairment (2474).jpg
38f1b53e3d83c72b2279b9d7130660437f485757798bd9ba671645971dabe21f,2,data\mri\raw\Combined Dataset\train\Mild Impairment\MildImpairment (2455).jpg | data\mri\raw\Combined Dataset\train\Mild Impairment\MildImpairment (43).jpg
3b6594113c756fe696538c103970847bb6bd6469c3712ec7ad60151bf6477b3a,2,data\mri\raw\Combined Dataset\train\Very Mild Impairment\VeryMildImpairment (1153).jpg | data\mri\raw\Combined Dataset\train\Very Mild Impairment\VeryMildImpairment (2456).jpg
3d172cbeecae092fa22ccfeb920594427907e9022c6a0eb67855dfb268256cc7,2,data\mri\raw\Combined Dataset\train\Mild Impairment\MildImpairment (2468).jpg | data\mri\raw\Combined Dataset\train\Mild Impairment\MildImpairment (56).jpg
4048bd0612414365caffff0a31ea8adfcce9c9432ca2b01ee4603ef4fef87d4d,2,data\mri\raw\Combined Dataset\train\Mild Impairment\MildImpairment (2502).jpg | data\mri\raw\Combined Dataset\train\Mild Impairment\MildImpairment (90).jpg
4358bb7dfbd2af712687b49337e5c660c13150fa66197f09ea527c098da5770b,2,data\mri\raw\Combined Dataset\train\Mild Impairment\MildImpairment (149).jpg | data\mri\raw\Combined Dataset\train\Mild Impairment\MildImpairment (2436).jpg
4567b678a517469788bf1a85fab40a85ee392147af6b2ea6a61d801a7b878224,2,data\mri\raw\Combined Dataset\train\Mild Impairment\MildImpairment (141).jpg | data\mri\raw\Combined Dataset\train\Mild Impairment\MildImpairment (2553).jpg
4605c4c27cefbcccdadad182a72a66214811de39138392d4cf4f8c7df2ac7111,2,data\mri\raw\Combined Dataset\train\Mild Impairment\MildImpairment (2508).jpg | data\mri\raw\Combined Dataset\train\Mild Impairment\MildImpairment (96).jpg
4732f21fdbd3a67916e86a9e9949e0b233aee958282a0fe7a0e7411e62d0d521,2,data\mri\raw\Combined Dataset\train\Very Mild Impairment\VeryMildImpairment (1736).jpg | data\mri\raw\Combined Dataset\train\Very Mild Impairment\VeryMildImpairment (2508).jpg
48cad427197969a82160104f66f7419083c206394c95c844a0dbe04f4b3bfa2e,2,data\mri\raw\Combined Dataset\train\Mild Impairment\MildImpairment (2498).jpg | data\mri\raw\Combined Dataset\train\Mild Impairment\MildImpairment (86).jpg
4a5133fc168c72e6fb01114cec07494817ea330c10481b7f23b04cf27a51ff1a,2,data\mri\raw\Combined Dataset\train\Very Mild Impairment\VeryMildImpairment (1637).jpg | data\mri\raw\Combined Dataset\train\Very Mild Impairment\VeryMildImpairment (2498).jpg
4c14d6c49a6d1f21f338ee216ec39fcef29f04c2f1f89b02e0ce6b9adba6c5da,2,data\mri\raw\Combined Dataset\train\Mild Impairment\MildImpairment (129).jpg | data\mri\raw\Combined Dataset\train\Mild Impairment\MildImpairment (2541).jpg
4c898420fb87414cbf67e7fd51629913b05597ee73dbce3e6d5c16dd1aac2600,2,data\mri\raw\Combined Dataset\train\Very Mild Impairment\VeryMildImpairment (1571).jpg | data\mri\raw\Combined Dataset\train\Very Mild Impairment\VeryMildImpairment (2491).jpg
4e23f2132d9f903282d9f44ef32e9069e8bbb13d23e63802982b19afa463f439,2,data\mri\raw\Combined Dataset\train\Mild Impairment\MildImpairment (2500).jpg | data\mri\raw\Combined Dataset\train\Mild Impairment\MildImpairment (88).jpg
4f1e85c5bfd90bd269fbefbd1d08b05e9ff0dc169bcdd0db74f8ba39b6c23e36,2,data\mri\raw\Combined Dataset\train\Mild Impairment\MildImpairment (2480).jpg | data\mri\raw\Combined Dataset\train\Mild Impairment\MildImpairment (68).jpg
4f397bc8ea588c554cb1f8eebb278f9325b7f319812e44409b10680dfe8adcf8,2,data\mri\raw\Combined Dataset\train\Mild Impairment\MildImpairment (110).jpg | data\mri\raw\Combined Dataset\train\Mild Impairment\MildImpairment (2522).jpg
4f771e1b64e1d911b2686ea4df46173e20f5883d45ee53fcbf81f0afbf9fecf2,2,data\mri\raw\Combined Dataset\train\Mild Impairment\MildImpairment (2484).jpg | data\mri\raw\Combined Dataset\train\Mild Impairment\MildImpairment (72).jpg
4fe3b15aa4dcfcd884bea077b95ffd1b655cade62659326b54053d2a50243539,2,data\mri\raw\Combined Dataset\train\Mild Impairment\MildImpairment (2505).jpg | data\mri\raw\Combined Dataset\train\Mild Impairment\MildImpairment (93).jpg
509516b3890e403692a87c4d927d0b543cee0e3f9f2ec19264604ba206ee611c,2,data\mri\raw\Combined Dataset\train\Mild Impairment\MildImpairment (133).jpg | data\mri\raw\Combined Dataset\train\Mild Impairment\MildImpairment (2545).jpg
50cc145648ed534ec26f89e820fed3947118657e7b8599a11ef118a1e353b026,2,data\mri\raw\Combined Dataset\train\Very Mild Impairment\VeryMildImpairment (1507).jpg | data\mri\raw\Combined Dataset\train\Very Mild Impairment\VeryMildImpairment (2481).jpg
518afee8ba02331dd81f35877c1b4b04aa134de28b814dcded3029af30f5ba4a,2,data\mri\raw\Combined Dataset\train\Very Mild Impairment\VeryMildImpairment (1553).jpg | data\mri\raw\Combined Dataset\train\Very Mild Impairment\VeryMildImpairment (2485).jpg
527ac80e78491df80fc2b2a306fba322020de60ba3b877a0d128932827d5bfa0,2,data\mri\raw\Combined Dataset\train\Mild Impairment\MildImpairment (2462).jpg | data\mri\raw\Combined Dataset\train\Mild Impairment\MildImpairment (50).jpg
52ed081ef2707789dfe95f761dca704382a02777664913006da6322d04b278e5,2,data\mri\raw\Combined Dataset\train\Mild Impairment\MildImpairment (2450).jpg | data\mri\raw\Combined Dataset\train\Mild Impairment\MildImpairment (38).jpg
53b082600845c02f08e0d86f7c6f6f2b90168bce1c86b3091af9a6d86cc7184c,2,data\mri\raw\Combined Dataset\train\Mild Impairment\MildImpairment (2487).jpg | data\mri\raw\Combined Dataset\train\Mild Impairment\MildImpairment (75).jpg
55df41a6db46dbb1c9247e159645e331bfa44ea8ae88be37bcfe8df9808f9b3a,2,data\mri\raw\Combined Dataset\train\Mild Impairment\MildImpairment (2479).jpg | data\mri\raw\Combined Dataset\train\Mild Impairment\MildImpairment (67).jpg
561a89ca0f53c1848a92632eda0de9d3a50a033086eac9a79a103d9df574d5a8,2,data\mri\raw\Combined Dataset\train\Mild Impairment\MildImpairment (137).jpg | data\mri\raw\Combined Dataset\train\Mild Impairment\MildImpairment (2549).jpg
5694bd0629dc4c287254ddd5b01102d93af860a9e3d0c5f0ba162b891343faf7,2,data\mri\raw\Combined Dataset\train\Mild Impairment\MildImpairment (2471).jpg | data\mri\raw\Combined Dataset\train\Mild Impairment\MildImpairment (59).jpg
56eb9b989c96c606c1f8a5d605fa543dce0dc7e28d619fd100e1e63c38cdfc52,2,data\mri\raw\Combined Dataset\train\Very Mild Impairment\VeryMildImpairment (1773).jpg | data\mri\raw\Combined Dataset\train\Very Mild Impairment\VeryMildImpairment (2510).jpg
570e8eccd06aabad3c37df80a74a59ee7d91bb5fba04c0b5d36a2932753acabf,2,data\mri\raw\Combined Dataset\train\Mild Impairment\MildImpairment (2444).jpg | data\mri\raw\Combined Dataset\train\Mild Impairment\MildImpairment (32).jpg
5d5a75bcdf948e6e2c0bd67ae7135f165172cc9884379f64e782523d45e1d062,2,data\mri\raw\Combined Dataset\train\Very Mild Impairment\VeryMildImpairment (1187).jpg | data\mri\raw\Combined Dataset\train\Very Mild Impairment\VeryMildImpairment (2459).jpg
5f54f6a88c59b7ae4eb6410f7ceb4e4e2023a130c8695d99dac7ae2a602a0f7e,2,data\mri\raw\Combined Dataset\train\Mild Impairment\MildImpairment (104).jpg | data\mri\raw\Combined Dataset\train\Mild Impairment\MildImpairment (2516).jpg
621bfd17814df5100931916172122abae0abdbab4f5f0cb4045ea65d1965847a,2,data\mri\raw\Combined Dataset\train\Mild Impairment\MildImpairment (2488).jpg | data\mri\raw\Combined Dataset\train\Mild Impairment\MildImpairment (76).jpg
68792717594d3d4884f78e1a303f75f67138c29949950eb43a8ad6b89f9fd91e,2,data\mri\raw\Combined Dataset\train\Mild Impairment\MildImpairment (2510).jpg | data\mri\raw\Combined Dataset\train\Mild Impairment\MildImpairment (98).jpg
6c4047426b191f15295b76b199ab25c7167ffe335a338e02ca95809fb929c19f,2,data\mri\raw\Combined Dataset\train\Mild Impairment\MildImpairment (111).jpg | data\mri\raw\Combined Dataset\train\Mild Impairment\MildImpairment (2523).jpg
6c571418448ea564f268ece7269dc0866a5e256f4c91d313ae5ec9f0191ea1ec,2,data\mri\raw\Combined Dataset\train\Mild Impairment\MildImpairment (144).jpg | data\mri\raw\Combined Dataset\train\Mild Impairment\MildImpairment (2556).jpg
6d9723fe35561466d1c20ad9e96a060d1a21c75991e50dc2ae0ecd18c1864a99,2,data\mri\raw\Combined Dataset\train\Very Mild Impairment\VeryMildImpairment (1617).jpg | data\mri\raw\Combined Dataset\train\Very Mild Impairment\VeryMildImpairment (2496).jpg
6f7a48f7096808e6306af541a07ae9e9b2fcf31d42be714e703691e7706516b1,2,data\mri\raw\Combined Dataset\train\Very Mild Impairment\VeryMildImpairment (1565).jpg | data\mri\raw\Combined Dataset\train\Very Mild Impairment\VeryMildImpairment (2489).jpg
72947c4a8f070491754a1840dfa73e21a5bf48d88c79f828449b43301c80dc06,2,data\mri\raw\Combined Dataset\train\Mild Impairment\MildImpairment (2503).jpg | data\mri\raw\Combined Dataset\train\Mild Impairment\MildImpairment (91).jpg
72de3eea9cf785998e1f442fabbc30bec567f33bea2fe3b108c6409e3540afd0,2,data\mri\raw\Combined Dataset\train\Very Mild Impairment\VeryMildImpairment (1323).jpg | data\mri\raw\Combined Dataset\train\Very Mild Impairment\VeryMildImpairment (2468).jpg
756a2c2d99cd37a2fb615bd1fdcdf10a3c9d7e6496b721fa37317c57590e2050,2,data\mri\raw\Combined Dataset\train\Mild Impairment\MildImpairment (2473).jpg | data\mri\raw\Combined Dataset\train\Mild Impairment\MildImpairment (61).jpg
76ddde34601e0ab21a2e6000a6930b8f431abfe3264603208d6dd139506e5b08,2,data\mri\raw\Combined Dataset\train\Mild Impairment\MildImpairment (116).jpg | data\mri\raw\Combined Dataset\train\Mild Impairment\MildImpairment (2528).jpg
78082119deb9e9ca494d020b0df03ca28b099929a12197335e6f0ad8a8a7e483,2,data\mri\raw\Combined Dataset\train\Very Mild Impairment\VeryMildImpairment (1401).jpg | data\mri\raw\Combined Dataset\train\Very Mild Impairment\VeryMildImpairment (2476).jpg
7b20b985958ed8150ff185317d12b28a93f49acf6481ca18514043026b2920f4,2,data\mri\raw\Combined Dataset\train\Very Mild Impairment\VeryMildImpairment (1242).jpg | data\mri\raw\Combined Dataset\train\Very Mild Impairment\VeryMildImpairment (2463).jpg
7b83bdcf33b66f4bf2e9a57c0eacf311686f929da4e1b2c3dfd956022a5dedc4,2,data\mri\raw\Combined Dataset\train\Mild Impairment\MildImpairment (2492).jpg | data\mri\raw\Combined Dataset\train\Mild Impairment\MildImpairment (80).jpg
7bc24d949004421c2d23a3acfd698afcf204b6e98e4470e55e332fb7ac65e7fb,2,data\mri\raw\Combined Dataset\train\Very Mild Impairment\VeryMildImpairment (1715).jpg | data\mri\raw\Combined Dataset\train\Very Mild Impairment\VeryMildImpairment (2505).jpg
7bd8c38edecae929337f0051507f8f4646a8e8d3036323f9fd0268931a729f26,2,data\mri\raw\Combined Dataset\train\Mild Impairment\MildImpairment (147).jpg | data\mri\raw\Combined Dataset\train\Mild Impairment\MildImpairment (2559).jpg
81d266900c4dc215288e70241d87e22ff934172865efda0a0b49933eabf3695a,2,data\mri\raw\Combined Dataset\train\Very Mild Impairment\VeryMildImpairment (1564).jpg | data\mri\raw\Combined Dataset\train\Very Mild Impairment\VeryMildImpairment (2488).jpg
83ee11de0754163b8b9dcd9e1679e516759dec93433fadc89fe5e5ca118f7c5c,2,data\mri\raw\Combined Dataset\train\Mild Impairment\MildImpairment (146).jpg | data\mri\raw\Combined Dataset\train\Mild Impairment\MildImpairment (2558).jpg
84458f696e56f7e2638f946e3e8fa3742efbe23aff3b4c22326974621c99f611,2,data\mri\raw\Combined Dataset\train\Very Mild Impairment\VeryMildImpairment (1666).jpg | data\mri\raw\Combined Dataset\train\Very Mild Impairment\VeryMildImpairment (2501).jpg
847339db1599cd572904f3d377d1e05077575a47482b51ee0c53bfa065b0f596,2,data\mri\raw\Combined Dataset\train\Mild Impairment\MildImpairment (138).jpg | data\mri\raw\Combined Dataset\train\Mild Impairment\MildImpairment (2550).jpg
85adc7e8621abde63ee9a5d2b9e7a61745cfa99ab84da4889adfbdc71d899438,2,data\mri\raw\Combined Dataset\train\Mild Impairment\MildImpairment (125).jpg | data\mri\raw\Combined Dataset\train\Mild Impairment\MildImpairment (2537).jpg
86eec17e02e5226445ee202fc200b458aa00df4524438c91fcf3ae690049df30,2,data\mri\raw\Combined Dataset\train\Mild Impairment\MildImpairment (135).jpg | data\mri\raw\Combined Dataset\train\Mild Impairment\MildImpairment (2547).jpg
88833abe3d794af6a13316ff5367c64daf9d81716a5b2f9d7dbfbfba4a02da3d,2,data\mri\raw\Combined Dataset\train\Mild Impairment\MildImpairment (2490).jpg | data\mri\raw\Combined Dataset\train\Mild Impairment\MildImpairment (78).jpg
8a110774b8ae27253f04bbab2e0534366b6124662b0ad2dcc4a066f5be90b423,2,data\mri\raw\Combined Dataset\train\Mild Impairment\MildImpairment (2504).jpg | data\mri\raw\Combined Dataset\train\Mild Impairment\MildImpairment (92).jpg
8b7c01061138f73dcbc14f666eb201cc35f7f9c4ca8fb26ed195cdf917f840cc,2,data\mri\raw\Combined Dataset\train\Mild Impairment\MildImpairment (103).jpg | data\mri\raw\Combined Dataset\train\Mild Impairment\MildImpairment (2515).jpg
8c20f5436ec833205031f0e6de5e6486992967a30e2599203b195c1caf4118ce,2,data\mri\raw\Combined Dataset\train\Very Mild Impairment\VeryMildImpairment (1213).jpg | data\mri\raw\Combined Dataset\train\Very Mild Impairment\VeryMildImpairment (2460).jpg
8ef84cc8239ad151c93bb7fa7f85042f5ec9da41c114500525751266062f18ba,2,data\mri\raw\Combined Dataset\train\Very Mild Impairment\VeryMildImpairment (1607).jpg | data\mri\raw\Combined Dataset\train\Very Mild Impairment\VeryMildImpairment (2494).jpg
907538fd11ff60fd6f7ff6c0030af81b82e2982b4b820a16c2c7daf1f9d1c2d6,2,data\mri\raw\Combined Dataset\train\Mild Impairment\MildImpairment (2463).jpg | data\mri\raw\Combined Dataset\train\Mild Impairment\MildImpairment (51).jpg
915e7e27d39a8003208bfe116b462151442ada4c7e0f5b505f5f2986d544b746,2,data\mri\raw\Combined Dataset\train\Very Mild Impairment\VeryMildImpairment (1292).jpg | data\mri\raw\Combined Dataset\train\Very Mild Impairment\VeryMildImpairment (2466).jpg
9187fe1d15ea466ec500dbec832ff3d96c25dbafa98eb0db8b00a6050c0976ff,2,data\mri\raw\Combined Dataset\train\Very Mild Impairment\VeryMildImpairment (1487).jpg | data\mri\raw\Combined Dataset\train\Very Mild Impairment\VeryMildImpairment (2480).jpg
9577b5de3b765b1d1147b3dc6d35f2875ea1f58ecf4319177b2c13517635feda,2,data\mri\raw\Combined Dataset\train\Mild Impairment\MildImpairment (2499).jpg | data\mri\raw\Combined Dataset\train\Mild Impairment\MildImpairment (87).jpg
967d54a61c6a137c2f006e62c52e471a84f39facbd14eeff6fa7e654eec7bba7,2,data\mri\raw\Combined Dataset\train\Mild Impairment\MildImpairment (120).jpg | data\mri\raw\Combined Dataset\train\Mild Impairment\MildImpairment (2532).jpg
990593c5bfa0612d52fc802cde5730a287f4da974becc4a3e523631937fa07b2,2,data\mri\raw\Combined Dataset\train\Mild Impairment\MildImpairment (2453).jpg | data\mri\raw\Combined Dataset\train\Mild Impairment\MildImpairment (41).jpg
997022fd2571a18c04b63b446e22e68251e2d51ca286e5340d6202b7bb4bfb3f,2,data\mri\raw\Combined Dataset\train\Mild Impairment\MildImpairment (2439).jpg | data\mri\raw\Combined Dataset\train\Mild Impairment\MildImpairment (27).jpg
9e1fd78e12fe0a068b35cedfeaff9e56f4f68925ba70a896101233e09cddf7bb,2,data\mri\raw\Combined Dataset\train\Mild Impairment\MildImpairment (2461).jpg | data\mri\raw\Combined Dataset\train\Mild Impairment\MildImpairment (49).jpg
9f95dd374a0926b6f90754e977ce1786ba5161098709759df0f58fca499d857d,2,data\mri\raw\Combined Dataset\train\Mild Impairment\MildImpairment (115).jpg | data\mri\raw\Combined Dataset\train\Mild Impairment\MildImpairment (2527).jpg
a2d94714e3f6e774bd771674d9b06904fa5dac505c7ce69ea43cfee64bd08fd7,2,data\mri\raw\Combined Dataset\train\Mild Impairment\MildImpairment (140).jpg | data\mri\raw\Combined Dataset\train\Mild Impairment\MildImpairment (2552).jpg
a4a383cd996aff4ef966cf8fc31c507a71044d359a9bc6d1c0e35fcba1b759c7,2,data\mri\raw\Combined Dataset\train\Very Mild Impairment\VeryMildImpairment (1287).jpg | data\mri\raw\Combined Dataset\train\Very Mild Impairment\VeryMildImpairment (2465).jpg
a50c26bde2b0b6fca0da32bbf3e84839687e4c3bc8f0b5bebead3174a08405a2,2,data\mri\raw\Combined Dataset\train\Mild Impairment\MildImpairment (100).jpg | data\mri\raw\Combined Dataset\train\Mild Impairment\MildImpairment (2512).jpg
a71b1de0cd82632f099b2d561f320c153c055a8be7900d08942603de326273f8,2,data\mri\raw\Combined Dataset\train\Mild Impairment\MildImpairment (130).jpg | data\mri\raw\Combined Dataset\train\Mild Impairment\MildImpairment (2542).jpg
a738582716d66c37a22488af1f0fe541517b9fb61dda525d51c2e70a1823d3e7,2,data\mri\raw\Combined Dataset\train\Mild Impairment\MildImpairment (2467).jpg | data\mri\raw\Combined Dataset\train\Mild Impairment\MildImpairment (55).jpg
a8df9d869dd66d86c302b4c63f77654e0177ac84d5f9c997084cc3178405a28b,2,data\mri\raw\Combined Dataset\train\Mild Impairment\MildImpairment (114).jpg | data\mri\raw\Combined Dataset\train\Mild Impairment\MildImpairment (2526).jpg
adb14f43ebed0c0f2e3a93a4bf9954147f5099ac1e5e5152a305abac82482a12,2,data\mri\raw\Combined Dataset\train\Mild Impairment\MildImpairment (2491).jpg | data\mri\raw\Combined Dataset\train\Mild Impairment\MildImpairment (79).jpg
aeb12c77616bd2bedf63fd179b4218301b207facaf10d420eb3c9e3749218aaa,2,data\mri\raw\Combined Dataset\train\Very Mild Impairment\VeryMildImpairment (1356).jpg | data\mri\raw\Combined Dataset\train\Very Mild Impairment\VeryMildImpairment (2471).jpg
af660d7b7f8bff8fd271a6c310c0711abf7e73f3fc5aebd48e78a91bba8e9b06,2,data\mri\raw\Combined Dataset\train\Very Mild Impairment\VeryMildImpairment (1691).jpg | data\mri\raw\Combined Dataset\train\Very Mild Impairment\VeryMildImpairment (2503).jpg
af6c771474fca4b96e5d5fbee71673588f22684ca8ba2070eda93d76fbc9df68,2,data\mri\raw\Combined Dataset\train\Very Mild Impairment\VeryMildImpairment (1567).jpg | data\mri\raw\Combined Dataset\train\Very Mild Impairment\VeryMildImpairment (2490).jpg
b09d10a792855ce174eca51d5425515ae8b4a9a40fc510463e422ab04a243446,2,data\mri\raw\Combined Dataset\train\Mild Impairment\MildImpairment (2466).jpg | data\mri\raw\Combined Dataset\train\Mild Impairment\MildImpairment (54).jpg
b0d5c1b13e6ba5c7722a00ee37526e8b12befe6919341315ff4dbf935edd7d6b,2,data\mri\raw\Combined Dataset\train\Mild Impairment\MildImpairment (2441).jpg | data\mri\raw\Combined Dataset\train\Mild Impairment\MildImpairment (29).jpg
b44a73a39dc695f18c2a5626072336a8c3dd7bd9f0dd578d3e9163c4a7452f01,2,data\mri\raw\Combined Dataset\train\Very Mild Impairment\VeryMildImpairment (1348).jpg | data\mri\raw\Combined Dataset\train\Very Mild Impairment\VeryMildImpairment (2470).jpg
b5003c90049313b383b0c0b05d1226556392ff0e23f63c37d77289e6e74f8884,2,data\mri\raw\Combined Dataset\train\Mild Impairment\MildImpairment (2493).jpg | data\mri\raw\Combined Dataset\train\Mild Impairment\MildImpairment (81).jpg
b806a66ffd42ca7a51bfb07175ea98b2ac736a1cf99b67f5277a500d463648ea,2,data\mri\raw\Combined Dataset\train\Mild Impairment\MildImpairment (123).jpg | data\mri\raw\Combined Dataset\train\Mild Impairment\MildImpairment (2535).jpg
b811bb3f32a64e42092b41d367ee64e85939833d426a7cd084bf37eeeb36ed7d,2,data\mri\raw\Combined Dataset\train\Mild Impairment\MildImpairment (127).jpg | data\mri\raw\Combined Dataset\train\Mild Impairment\MildImpairment (2539).jpg
b96f83746fce5870a33beb16d991a181d03c91a82809f5014e040cb6d8441d9d,2,data\mri\raw\Combined Dataset\train\Very Mild Impairment\VeryMildImpairment (1562).jpg | data\mri\raw\Combined Dataset\train\Very Mild Impairment\VeryMildImpairment (2487).jpg
ba22f39fe93e91dc9413336bae70b7d395d2e7403eec9415b7657fc489e46f74,2,data\mri\raw\Combined Dataset\train\Mild Impairment\MildImpairment (2494).jpg | data\mri\raw\Combined Dataset\train\Mild Impairment\MildImpairment (82).jpg
bc9c2a8d039c5d09da6ca1ac51c1795d5dc84ca9a269b98fa7a80d538bc29c67,2,data\mri\raw\Combined Dataset\train\Mild Impairment\MildImpairment (2451).jpg | data\mri\raw\Combined Dataset\train\Mild Impairment\MildImpairment (39).jpg
bcaafe49ce9b5ec07f73564af21b8c0bc9f1068d5db74b0f6baede5faa2ce8ed,2,data\mri\raw\Combined Dataset\train\Mild Impairment\MildImpairment (126).jpg | data\mri\raw\Combined Dataset\train\Mild Impairment\MildImpairment (2538).jpg
be47ac284b1039bffe685f9a759aeb1a427ac53a537a3a9e026f29a2c8423ad8,2,data\mri\raw\Combined Dataset\train\Mild Impairment\MildImpairment (105).jpg | data\mri\raw\Combined Dataset\train\Mild Impairment\MildImpairment (2517).jpg
beac1680bbd5ed1d49d2d1d9e57e23fdce4d5e6d3121cb3136f92755e6a6a9c4,2,data\mri\raw\Combined Dataset\train\Very Mild Impairment\VeryMildImpairment (1752).jpg | data\mri\raw\Combined Dataset\train\Very Mild Impairment\VeryMildImpairment (2509).jpg
bf4b975af1379cedcaa11aa2cb1b151a50dbea2bfbbb8e95a1fb98b707fef6d2,2,data\mri\raw\Combined Dataset\train\Mild Impairment\MildImpairment (113).jpg | data\mri\raw\Combined Dataset\train\Mild Impairment\MildImpairment (2525).jpg
c07786cda6cfbbc794967f5627ade3c1ace68662268284d40ddd924ab70aa759,2,data\mri\raw\Combined Dataset\train\Mild Impairment\MildImpairment (2460).jpg | data\mri\raw\Combined Dataset\train\Mild Impairment\MildImpairment (48).jpg
c11075233765ef1f8bebcc06e656e3ecfae7fba69b11dcc61b9df58be3c525e3,2,data\mri\raw\Combined Dataset\train\Mild Impairment\MildImpairment (2446).jpg | data\mri\raw\Combined Dataset\train\Mild Impairment\MildImpairment (34).jpg
c1dc5c592b7f19e41bb5af73e45512b64f32173768d071e879cde0e12a09909b,2,data\mri\raw\Combined Dataset\train\Mild Impairment\MildImpairment (2437).jpg | data\mri\raw\Combined Dataset\train\Mild Impairment\MildImpairment (25).jpg
c1f4765ff83e3ba2f2ce470400e37d2f2333e16f7f3f677d7121fe37f84e73aa,2,data\mri\raw\Combined Dataset\train\Mild Impairment\MildImpairment (124).jpg | data\mri\raw\Combined Dataset\train\Mild Impairment\MildImpairment (2536).jpg
c2494601071b9eb9e7742222876868d4a1005288614af58a34f9d21cb50b5ae3,2,data\mri\raw\Combined Dataset\train\Mild Impairment\MildImpairment (2511).jpg | data\mri\raw\Combined Dataset\train\Mild Impairment\MildImpairment (99).jpg
c2794f617027f38366643bea94f0f222b0f3e1c554f547a7aa272823252018b8,2,data\mri\raw\Combined Dataset\train\Very Mild Impairment\VeryMildImpairment (1174).jpg | data\mri\raw\Combined Dataset\train\Very Mild Impairment\VeryMildImpairment (2457).jpg
c32a503642bdd5714c5812c3335b1d226c585477b1a8fb028320eebd4a717360,2,data\mri\raw\Combined Dataset\train\Mild Impairment\MildImpairment (2448).jpg | data\mri\raw\Combined Dataset\train\Mild Impairment\MildImpairment (36).jpg
c3c7bba655410b41061038f78f65fee6c164590a3358af55baf726b191f17b20,2,data\mri\raw\Combined Dataset\train\Mild Impairment\MildImpairment (2472).jpg | data\mri\raw\Combined Dataset\train\Mild Impairment\MildImpairment (60).jpg
c3dae481daceccfbd48a68210236c6b501b06096401b4836e0333e07d9ed9914,2,data\mri\raw\Combined Dataset\train\Mild Impairment\MildImpairment (2465).jpg | data\mri\raw\Combined Dataset\train\Mild Impairment\MildImpairment (53).jpg
c4ab057474d7a0a3afe4a0b3a949326f3c9b45d5894667bf23f71694083f23af,2,data\mri\raw\Combined Dataset\train\Mild Impairment\MildImpairment (2482).jpg | data\mri\raw\Combined Dataset\train\Mild Impairment\MildImpairment (70).jpg
c5f47b7296ecbdf70110a04d41ec45972ebb0dc6c874912af4add42b34bec316,2,data\mri\raw\Combined Dataset\train\Very Mild Impairment\VeryMildImpairment (1694).jpg | data\mri\raw\Combined Dataset\train\Very Mild Impairment\VeryMildImpairment (2504).jpg
c67d466aafac5cf74ba314f325b60ded756542dfca51b3af7b64f0cadc392c28,2,data\mri\raw\Combined Dataset\train\Mild Impairment\MildImpairment (2457).jpg | data\mri\raw\Combined Dataset\train\Mild Impairment\MildImpairment (45).jpg
cb42eec2919f027678d27f23c6fa81d5842c90b3045aee20ba31aa5f044069b7,2,data\mri\raw\Combined Dataset\train\Very Mild Impairment\VeryMildImpairment (1588).jpg | data\mri\raw\Combined Dataset\train\Very Mild Impairment\VeryMildImpairment (2493).jpg
cd3cf386b6782b2cad81f53e9e283ff9ba5211d1dd299b156f7ca3e8bed36f8a,2,data\mri\raw\Combined Dataset\train\Mild Impairment\MildImpairment (2469).jpg | data\mri\raw\Combined Dataset\train\Mild Impairment\MildImpairment (57).jpg
cd3f66da3eee72eeb4b3dd12061dc72cf6c861ac3442a7f423fd291cc3ad721c,2,data\mri\raw\Combined Dataset\train\Mild Impairment\MildImpairment (2486).jpg | data\mri\raw\Combined Dataset\train\Mild Impairment\MildImpairment (74).jpg
cd827134e73f1a1c53dcde356d48a46e82ea9e3444243d0f3e07909f051b7449,2,data\mri\raw\Combined Dataset\train\Mild Impairment\MildImpairment (2501).jpg | data\mri\raw\Combined Dataset\train\Mild Impairment\MildImpairment (89).jpg
ceb6c610b55103eae89f4ddfce40f45348fb229faa2528ad2dcc10d260cb039a,2,data\mri\raw\Combined Dataset\train\Very Mild Impairment\VeryMildImpairment (1358).jpg | data\mri\raw\Combined Dataset\train\Very Mild Impairment\VeryMildImpairment (2472).jpg
cec4280914208555b0de84fb9b341b4402b2e30d62ceb3e890d7b24d970462f8,2,data\mri\raw\Combined Dataset\train\Very Mild Impairment\VeryMildImpairment (1269).jpg | data\mri\raw\Combined Dataset\train\Very Mild Impairment\VeryMildImpairment (2464).jpg
d014a9672142b41ecebd39cb8113aa2821ea7b3bb33f665366d00ec27d82f335,2,data\mri\raw\Combined Dataset\train\Very Mild Impairment\VeryMildImpairment (1671).jpg | data\mri\raw\Combined Dataset\train\Very Mild Impairment\VeryMildImpairment (2502).jpg
d0808ae02f68eb765489547dfabe8eaa14667ec6730770c66939c8db5fe9f7f4,2,data\mri\raw\Combined Dataset\train\Mild Impairment\MildImpairment (2477).jpg | data\mri\raw\Combined Dataset\train\Mild Impairment\MildImpairment (65).jpg
d0f536b107feac1399c6411058ad10fcab6ec456f33028d8265053360080fda7,2,data\mri\raw\Combined Dataset\train\Very Mild Impairment\VeryMildImpairment (1374).jpg | data\mri\raw\Combined Dataset\train\Very Mild Impairment\VeryMildImpairment (2473).jpg
d39c72c806597f484981ee3853b6442228c7e6ea9ac257ff5f4a1077e83fbc4b,2,data\mri\raw\Combined Dataset\train\Mild Impairment\MildImpairment (2464).jpg | data\mri\raw\Combined Dataset\train\Mild Impairment\MildImpairment (52).jpg
d3f1a5e31151940b2d7c6c67fca357d7f34b6e8e11e83ad7e58561b0ce4e8752,2,data\mri\raw\Combined Dataset\train\Mild Impairment\MildImpairment (139).jpg | data\mri\raw\Combined Dataset\train\Mild Impairment\MildImpairment (2551).jpg
d7db0b8a31dc25c75caf28460618ee9ca2922340dc7de6f5d7e5fe9261206342,2,data\mri\raw\Combined Dataset\train\Mild Impairment\MildImpairment (2442).jpg | data\mri\raw\Combined Dataset\train\Mild Impairment\MildImpairment (30).jpg
d80b6e015ea7d03fd023c55a923093b4e4c9ce857914018358b0e6997dbbeb4e,2,data\mri\raw\Combined Dataset\train\Very Mild Impairment\VeryMildImpairment (1630).jpg | data\mri\raw\Combined Dataset\train\Very Mild Impairment\VeryMildImpairment (2497).jpg
d8e292291742aa373a876ad4639e6b6dfdaa148a75553b86f54c0cf4a7be65c2,2,data\mri\raw\Combined Dataset\train\Mild Impairment\MildImpairment (2445).jpg | data\mri\raw\Combined Dataset\train\Mild Impairment\MildImpairment (33).jpg
d9fb33962e990c6f2a70ab40c1ecfdcd2f406ab91f4db34d69a6341b9d83d989,2,data\mri\raw\Combined Dataset\train\Mild Impairment\MildImpairment (109).jpg | data\mri\raw\Combined Dataset\train\Mild Impairment\MildImpairment (2521).jpg
da923df1de8135c573f2c28c5f75552b904abfb918cc74e3520a2fb098f1d289,2,data\mri\raw\Combined Dataset\train\Mild Impairment\MildImpairment (2474).jpg | data\mri\raw\Combined Dataset\train\Mild Impairment\MildImpairment (62).jpg
db1f32e65c5e96ee5e36098c758243876bb1b47503f352379c2a526509338c27,2,data\mri\raw\Combined Dataset\train\Mild Impairment\MildImpairment (134).jpg | data\mri\raw\Combined Dataset\train\Mild Impairment\MildImpairment (2546).jpg
db5c741106504b84e6d9d8917867987b995697354cf0168550955141ff2d34b1,2,data\mri\raw\Combined Dataset\train\Mild Impairment\MildImpairment (102).jpg | data\mri\raw\Combined Dataset\train\Mild Impairment\MildImpairment (2514).jpg
dbd69bba1b6dde9a01ce6bcb3dd238ad37c1286f60218c3affed12b16c226bf4,2,data\mri\raw\Combined Dataset\train\Very Mild Impairment\VeryMildImpairment (1451).jpg | data\mri\raw\Combined Dataset\train\Very Mild Impairment\VeryMildImpairment (2479).jpg
dcb9cb5c01814d72cb7a2dbd7c9df535ff7a44e2e43e55d72b4d9c7f10efe639,2,data\mri\raw\Combined Dataset\train\Mild Impairment\MildImpairment (2481).jpg | data\mri\raw\Combined Dataset\train\Mild Impairment\MildImpairment (69).jpg
dfe16d131f44e39ebf0ca547df7ce296d041d4fd21973038ac0a355ab3d705e1,2,data\mri\raw\Combined Dataset\train\Very Mild Impairment\VeryMildImpairment (1781).jpg | data\mri\raw\Combined Dataset\train\Very Mild Impairment\VeryMildImpairment (2511).jpg
e07fdd3c1b77ffd8682ad12002718c90f50181782d71431674c9b8f4485d995c,2,data\mri\raw\Combined Dataset\train\Mild Impairment\MildImpairment (2497).jpg | data\mri\raw\Combined Dataset\train\Mild Impairment\MildImpairment (85).jpg
e08ba0c2cf94b66e7e235baffb5cac412adb743aae68e5a7d6afbe5fab5cad01,2,data\mri\raw\Combined Dataset\train\Very Mild Impairment\VeryMildImpairment (1236).jpg | data\mri\raw\Combined Dataset\train\Very Mild Impairment\VeryMildImpairment (2462).jpg
e69b29b0bce66bf0d18d2efbcf8b7e41023f140c7515df647841af4005758212,2,data\mri\raw\Combined Dataset\train\Very Mild Impairment\VeryMildImpairment (1177).jpg | data\mri\raw\Combined Dataset\train\Very Mild Impairment\VeryMildImpairment (2458).jpg
e99aa42cb419d52a96513095185ea29291d1fc06113199e9bd905c5c2576eff0,2,data\mri\raw\Combined Dataset\train\Very Mild Impairment\VeryMildImpairment (1640).jpg | data\mri\raw\Combined Dataset\train\Very Mild Impairment\VeryMildImpairment (2499).jpg
eb5bc0795934edc113396021a7f6ae2f17f69116e8131e0449fd9e9d08eef60a,2,data\mri\raw\Combined Dataset\train\Very Mild Impairment\VeryMildImpairment (1733).jpg | data\mri\raw\Combined Dataset\train\Very Mild Impairment\VeryMildImpairment (2507).jpg
f02ad9f56b9ab493b556b55c525e006eae09436c60c66f82a6656608fa881ff0,2,data\mri\raw\Combined Dataset\train\Very Mild Impairment\VeryMildImpairment (1228).jpg | data\mri\raw\Combined Dataset\train\Very Mild Impairment\VeryMildImpairment (2461).jpg
f0bbcb3d55490183af735afdf0d7dc2cbfc0203876d91c5a59f2ec6d39a5674b,2,data\mri\raw\Combined Dataset\train\Mild Impairment\MildImpairment (132).jpg | data\mri\raw\Combined Dataset\train\Mild Impairment\MildImpairment (2544).jpg
f191ed96fb3fbcc495f0aed56b3c471494eb3f18b660036a317ddcae215dd6a9,2,data\mri\raw\Combined Dataset\train\Mild Impairment\MildImpairment (106).jpg | data\mri\raw\Combined Dataset\train\Mild Impairment\MildImpairment (2518).jpg
f23ac157093fa44c052fb7962b7c14d27a0f3d9e7efc7691130ffc92722f3d58,2,data\mri\raw\Combined Dataset\train\Mild Impairment\MildImpairment (2489).jpg | data\mri\raw\Combined Dataset\train\Mild Impairment\MildImpairment (77).jpg
f6fd394bbfd4955d1d40a314cd6e50e4c4a26643c22f5f9ad4939dc992b558de,2,data\mri\raw\Combined Dataset\train\Mild Impairment\MildImpairment (2443).jpg | data\mri\raw\Combined Dataset\train\Mild Impairment\MildImpairment (31).jpg
f7fab7f24b20509044d6761dbb6fd241cbe1e32b5b9f62eb4c0f76104b4979ed,2,data\mri\raw\Combined Dataset\train\Very Mild Impairment\VeryMildImpairment (1558).jpg | data\mri\raw\Combined Dataset\train\Very Mild Impairment\VeryMildImpairment (2486).jpg
f891244977a83eb168b582480c72190cca633bace1f5a34ce666c14c44bdea91,2,data\mri\raw\Combined Dataset\train\Mild Impairment\MildImpairment (2476).jpg | data\mri\raw\Combined Dataset\train\Mild Impairment\MildImpairment (64).jpg
fa8a0d635bfaf9797e5cbb51b24722543c2e5d7d43db3a3047ce0f533aca32b7,2,data\mri\raw\Combined Dataset\train\Very Mild Impairment\VeryMildImpairment (1582).jpg | data\mri\raw\Combined Dataset\train\Very Mild Impairment\VeryMildImpairment (2492).jpg
fb64f3e126f580bb01a803f1f7854c3fe84a7b25100e9ad9ca812521d73a81bd,2,data\mri\raw\Combined Dataset\train\Mild Impairment\MildImpairment (2506).jpg | data\mri\raw\Combined Dataset\train\Mild Impairment\MildImpairment (94).jpg
fb882e181875f18cd02359633b0e6048f11b8e74ef4e076d39108c67798c247f,2,data\mri\raw\Combined Dataset\train\Mild Impairment\MildImpairment (2475).jpg | data\mri\raw\Combined Dataset\train\Mild Impairment\MildImpairment (63).jpg
fbdfc8faae3c520f0f34c7f16a102aa046c81c09b3a6327db5f0908d38554eec,2,data\mri\raw\Combined Dataset\train\Mild Impairment\MildImpairment (119).jpg | data\mri\raw\Combined Dataset\train\Mild Impairment\MildImpairment (2531).jpg
fd9d1c7d81de8917e1da256d51b42f5f5e50a34193c9a8fe36a9710908766948,2,data\mri\raw\Combined Dataset\train\Very Mild Impairment\VeryMildImpairment (1510).jpg | data\mri\raw\Combined Dataset\train\Very Mild Impairment\VeryMildImpairment (2482).jpg
